checkpoint,checkpoint_path,maneuver_id,outcome,termination_reason,episode_steps,policy_decision_count,episode_return,reward_terminal,reward_decision_cost,reward_safety,reward_progress,reward_decision,keep_count,follow_count,merge_count,stop_count,intervention_count,collision_blocked_count,planner_infeasible_count,intervention_rate,collision_blocked_rate,planner_infeasible_rate,merge_commit_step,exception_repr
1,outputs/checkpoints/full_seed0_step000001.pkl,training_tfexample.tfrecord-00000-of-01000#117__t75__132_394,timeout,truncation_horizon,47,47,-0.31768507276592045,-0.5,0.0,-0.09024638460154506,0.2725613118356246,0.0,47,0,0,0,12,12,0,0.2553191489361702,0.2553191489361702,0.0,,
1,outputs/checkpoints/full_seed0_step000001.pkl,training_tfexample.tfrecord-00000-of-01000#157__t28__290_340,collision,failure_collision,56,56,-0.52,-1.0,0.0,0.0,0.5,-0.02,35,21,0,0,15,15,0,0.26785714285714285,0.26785714285714285,0.0,,
1,outputs/checkpoints/full_seed0_step000001.pkl,training_tfexample.tfrecord-00000-of-01000#188__t75__498_500,collision,failure_collision,43,43,-1.0,-1.0,0.0,0.0,0.0,0.0,43,0,0,0,43,43,0,1.0,1.0,0.0,,
1,outputs/checkpoints/full_seed0_step000001.pkl,training_tfexample.tfrecord-00000-of-01000#378__t18__237_456,success,success,21,16,1.4085683436945764,1.0,0.0,-0.07143165630542354,0.5,-0.02,15,0,1,0,20,20,0,0.9523809523809523,0.9523809523809523,0.0,15,
1,outputs/checkpoints/full_seed0_step000001.pkl,training_tfexample.tfrecord-00000-of-01000#39__t55__264_297,collision,failure_collision,54,54,-1.5968030579908805,-1.0,0.0,-0.5968030579908807,0.0,0.0,54,0,0,0,54,50,4,1.0,0.9259259259259259,0.07407407407407407,,
1,outputs/checkpoints/full_seed0_step000001.pkl,training_tfexample.tfrecord-00000-of-01000#454__t29__633_650,success,success,30,30,1.3292420433120629,1.0,0.0,-0.1507579566879371,0.5,-0.02,29,0,1,0,29,29,0,0.9666666666666667,0.9666666666666667,0.0,29,
1,outputs/checkpoints/full_seed0_step000001.pkl,training_tfexample.tfrecord-00001-of-01000#175__t63__488_758,success,success,55,55,1.4591808366855668,1.0,0.0,-0.0008191633144332898,0.5,-0.04,51,3,1,0,0,0,0,0.0,0.0,0.0,54,
1,outputs/checkpoints/full_seed0_step000001.pkl,training_tfexample.tfrecord-00001-of-01000#188__t43__365_348,collision,failure_collision,24,24,-0.983634761067477,-1.0,0.0,-0.08906703815904778,0.10543227709157071,0.0,24,0,0,0,20,20,0,0.8333333333333334,0.8333333333333334,0.0,,
1,outputs/checkpoints/full_seed0_step000001.pkl,training_tfexample.tfrecord-00001-of-01000#211__t79__119_111,timeout,truncation_horizon,33,33,-0.22436433162370517,-0.5,0.0,0.0,0.27563566837629483,0.0,33,0,0,0,29,29,0,0.8787878787878788,0.8787878787878788,0.0,,
1,outputs/checkpoints/full_seed0_step000001.pkl,training_tfexample.tfrecord-00001-of-01000#230__t16__92_163,timeout,truncation_horizon,90,90,-0.826612583534839,-0.5,0.0,-0.8266125835348391,0.5,0.0,90,0,0,0,0,0,0,0.0,0.0,0.0,,
1,outputs/checkpoints/full_seed0_step000001.pkl,training_tfexample.tfrecord-00001-of-01000#31__t71__372_308,collision,failure_collision,37,37,-0.8347771571761361,-1.0,0.0,-0.16740190297966248,0.3326247458035265,0.0,37,0,0,0,24,24,0,0.6486486486486487,0.6486486486486487,0.0,,
1,outputs/checkpoints/full_seed0_step000001.pkl,training_tfexample.tfrecord-00001-of-01000#351__t10__371_368,timeout,truncation_horizon,90,90,-0.13046747859865943,-0.5,0.0,-0.04,0.40953252140134055,0.0,90,0,0,0,60,60,0,0.6666666666666666,0.6666666666666666,0.0,,
1,outputs/checkpoints/full_seed0_step000001.pkl,training_tfexample.tfrecord-00001-of-01000#354__t10__135_182,success,success,41,41,1.48,1.0,0.0,0.0,0.5,-0.02,40,0,1,0,1,0,1,0.024390243902439025,0.0,0.024390243902439025,40,
1,outputs/checkpoints/full_seed0_step000001.pkl,training_tfexample.tfrecord-00001-of-01000#384__t25__371_360,collision,failure_collision,31,31,-1.0227132802610845,-1.0,0.0,-0.2531594421198833,0.23044616185879851,0.0,31,0,0,0,31,31,0,1.0,1.0,0.0,,
1,outputs/checkpoints/full_seed0_step000001.pkl,training_tfexample.tfrecord-00001-of-01000#429__t63__188_200,offroad,failure_offroad,54,54,-0.5352102348610424,-1.0,0.0,-0.0352102348610424,0.5,0.0,54,0,0,0,0,0,0,0.0,0.0,0.0,,
1,outputs/checkpoints/full_seed0_step000001.pkl,training_tfexample.tfrecord-00002-of-01000#103__t47__61_62,collision,failure_collision,21,21,-1.290090040289214,-1.0,0.0,-0.29009004028921404,0.0,0.0,21,0,0,0,21,11,10,1.0,0.5238095238095238,0.47619047619047616,,
1,outputs/checkpoints/full_seed0_step000001.pkl,training_tfexample.tfrecord-00002-of-01000#221__t69__979_961,timeout,truncation_horizon,40,40,-0.17620269095399538,-0.5,0.0,-0.17620269095399546,0.5,0.0,40,0,0,0,25,25,0,0.625,0.625,0.0,,
1,outputs/checkpoints/full_seed0_step000001.pkl,training_tfexample.tfrecord-00002-of-01000#239__t61__132_161,offroad,failure_offroad,52,52,-0.7684879247918991,-1.0,0.0,-0.26848792479189904,0.5,0.0,52,0,0,0,8,8,0,0.15384615384615385,0.15384615384615385,0.0,,
1,outputs/checkpoints/full_seed0_step000001.pkl,training_tfexample.tfrecord-00002-of-01000#28__t52__705_724,success,success,45,44,1.2978018491138619,1.0,0.0,-0.18219815088613805,0.5,-0.02,43,0,1,0,1,1,0,0.022222222222222223,0.022222222222222223,0.0,43,
1,outputs/checkpoints/full_seed0_step000001.pkl,training_tfexample.tfrecord-00002-of-01000#42__t59__601_587,collision,failure_collision,21,21,-0.9860652110725217,-1.0,0.0,0.0,0.013934788927478403,0.0,21,0,0,0,17,17,0,0.8095238095238095,0.8095238095238095,0.0,,
1,outputs/checkpoints/full_seed0_step000001.pkl,training_tfexample.tfrecord-00002-of-01000#481__t37__651_444,collision,failure_collision,37,37,-0.8969291546294794,-1.0,0.0,0.0,0.10307084537052064,0.0,37,0,0,0,37,37,0,1.0,1.0,0.0,,
1,outputs/checkpoints/full_seed0_step000001.pkl,training_tfexample.tfrecord-00002-of-01000#500__t88__419_388,offroad,failure_offroad,11,11,-0.7890421571032886,-1.0,0.0,0.0,0.21095784289671138,0.0,11,0,0,0,2,2,0,0.18181818181818182,0.18181818181818182,0.0,,
1,outputs/checkpoints/full_seed0_step000001.pkl,training_tfexample.tfrecord-00002-of-01000#78__t67__67_76,timeout,truncation_horizon,59,59,-0.48709875943598246,-0.5,0.0,-0.25884397538707515,0.27174521595109263,0.0,59,0,0,0,32,32,0,0.5423728813559322,0.5423728813559322,0.0,,
1,outputs/checkpoints/full_seed0_step000001.pkl,training_tfexample.tfrecord-00003-of-01000#109__t46__162_166,timeout,truncation_horizon,90,90,-0.6316487380510921,-0.5,0.0,-0.2929842015356522,0.16133546348456002,0.0,90,0,0,0,19,19,0,0.2111111111111111,0.2111111111111111,0.0,,
1,outputs/checkpoints/full_seed0_step000001.pkl,training_tfexample.tfrecord-00003-of-01000#135__t67__332_334,collision,failure_collision,25,25,-1.009518158025155,-1.0,0.0,-0.1359600479607843,0.1264418899356291,0.0,25,0,0,0,21,21,0,0.84,0.84,0.0,,
1,outputs/checkpoints/full_seed0_step000001.pkl,training_tfexample.tfrecord-00003-of-01000#150__t46__162_345,timeout,truncation_horizon,90,90,-0.3435170133560318,-0.5,0.0,-0.3435170133560318,0.5,0.0,90,0,0,0,2,2,0,0.022222222222222223,0.022222222222222223,0.0,,
1,outputs/checkpoints/full_seed0_step000001.pkl,training_tfexample.tfrecord-00003-of-01000#18__t27__423_458,timeout,truncation_horizon,90,90,-0.0866444453549508,-0.5,0.0,-0.08664444535495086,0.5,0.0,90,0,0,0,0,0,0,0.0,0.0,0.0,,
1,outputs/checkpoints/full_seed0_step000001.pkl,training_tfexample.tfrecord-00003-of-01000#289__t55__716_731,success,success,52,52,1.2135676905403878,1.0,0.0,-0.2664323094596122,0.5,-0.02,51,0,1,0,31,31,0,0.5961538461538461,0.5961538461538461,0.0,51,
1,outputs/checkpoints/full_seed0_step000001.pkl,training_tfexample.tfrecord-00003-of-01000#366__t33__158_153,collision,failure_collision,40,40,-1.0110273390989826,-1.0,0.0,-0.19762461307678986,0.18659727397780723,0.0,40,0,0,0,17,17,0,0.425,0.425,0.0,,
1,outputs/checkpoints/full_seed0_step000001.pkl,training_tfexample.tfrecord-00003-of-01000#474__t89__127_134,timeout,truncation_horizon,25,25,0.0,-0.5,0.0,0.0,0.5,0.0,25,0,0,0,0,0,0,0.0,0.0,0.0,,
1,outputs/checkpoints/full_seed0_step000001.pkl,training_tfexample.tfrecord-00004-of-01000#125__t90__347_293,timeout,truncation_horizon,82,82,-0.44731024189097257,-0.5,0.0,-0.35552150249160974,0.40821126060063717,0.0,82,0,0,0,13,13,0,0.15853658536585366,0.15853658536585366,0.0,,
1,outputs/checkpoints/full_seed0_step000001.pkl,training_tfexample.tfrecord-00004-of-01000#234__t37__744_758,success,success,16,9,1.48,1.0,0.0,0.0,0.5,-0.02,8,0,1,0,16,16,0,1.0,1.0,0.0,8,
1,outputs/checkpoints/full_seed0_step000001.pkl,training_tfexample.tfrecord-00004-of-01000#417__t28__764_769,collision,failure_collision,71,57,-0.6570796168516272,-1.0,0.0,-0.1370796168516272,0.5,-0.02,56,0,1,0,13,13,0,0.18309859154929578,0.18309859154929578,0.0,56,
1,outputs/checkpoints/full_seed0_step000001.pkl,training_tfexample.tfrecord-00004-of-01000#447__t39__933_910,collision,failure_collision,44,44,-1.2649324863911438,-1.0,0.0,-0.35856651169131454,0.09363402530017101,0.0,44,0,0,0,44,44,0,1.0,1.0,0.0,,
1,outputs/checkpoints/full_seed0_step000001.pkl,training_tfexample.tfrecord-00004-of-01000#55__t85__231_257,collision,failure_collision,15,15,-0.7369571934585359,-1.0,0.0,-0.08641477705679763,0.3494575835982616,0.0,15,0,0,0,15,13,2,1.0,0.8666666666666667,0.13333333333333333,,
1,outputs/checkpoints/full_seed0_step000001.pkl,training_tfexample.tfrecord-00004-of-01000#89__t33__380_300,success,success,70,70,0.7463308494198939,1.0,0.0,-0.7336691505801063,0.5,-0.02,69,0,1,0,21,21,0,0.3,0.3,0.0,69,
1,outputs/checkpoints/full_seed0_step000001.pkl,training_tfexample.tfrecord-00005-of-01000#236__t34__132_138,collision,failure_collision,20,20,-1.0,-1.0,0.0,0.0,0.0,0.0,20,0,0,0,18,18,0,0.9,0.9,0.0,,
1,outputs/checkpoints/full_seed0_step000001.pkl,training_tfexample.tfrecord-00005-of-01000#280__t89__838_832,timeout,truncation_horizon,13,13,0.0,-0.5,0.0,0.0,0.5,0.0,13,0,0,0,13,13,0,1.0,1.0,0.0,,
1,outputs/checkpoints/full_seed0_step000001.pkl,training_tfexample.tfrecord-00005-of-01000#313__t54__96_83,collision,failure_collision,29,29,-0.8227793837478883,-1.0,0.0,0.0,0.17722061625211166,0.0,29,0,0,0,28,22,6,0.9655172413793104,0.7586206896551724,0.20689655172413793,,
1,outputs/checkpoints/full_seed0_step000001.pkl,training_tfexample.tfrecord-00005-of-01000#42__t66__613_641,success,success,31,31,1.398076143551138,1.0,0.0,-0.08192385644886202,0.5,-0.02,30,0,1,0,31,28,3,1.0,0.9032258064516129,0.0967741935483871,30,
1,outputs/checkpoints/full_seed0_step000001.pkl,training_tfexample.tfrecord-00006-of-01000#10__t68__340_316,collision,failure_collision,58,58,-0.7018705035989257,-1.0,0.0,-0.05543148743679294,0.35356098383786727,0.0,58,0,0,0,25,25,0,0.43103448275862066,0.43103448275862066,0.0,,
1,outputs/checkpoints/full_seed0_step000001.pkl,training_tfexample.tfrecord-00006-of-01000#12__t58__187_302,collision,failure_collision,21,21,-0.9662157045261586,-1.0,0.0,0.0,0.033784295473841264,0.0,21,0,0,0,11,11,0,0.5238095238095238,0.5238095238095238,0.0,,
1,outputs/checkpoints/full_seed0_step000001.pkl,training_tfexample.tfrecord-00006-of-01000#149__t25__334_329,success,success,15,14,1.467090208555417,1.0,0.0,-0.012909791444583032,0.5,-0.02,13,0,1,0,15,15,0,1.0,1.0,0.0,13,
1,outputs/checkpoints/full_seed0_step000001.pkl,training_tfexample.tfrecord-00006-of-01000#328__t73__96_98,timeout,truncation_horizon,56,56,-0.7931228135171295,-0.5,0.0,-0.2931228135171295,0.0,0.0,56,0,0,0,55,1,54,0.9821428571428571,0.017857142857142856,0.9642857142857143,,
1,outputs/checkpoints/full_seed0_step000001.pkl,training_tfexample.tfrecord-00006-of-01000#420__t87__162_134,timeout,truncation_horizon,65,65,-0.35012600651871917,-0.5,0.0,-0.003893306338585131,0.15376729981986598,0.0,65,0,0,0,18,18,0,0.27692307692307694,0.27692307692307694,0.0,,
1,outputs/checkpoints/full_seed0_step000001.pkl,training_tfexample.tfrecord-00006-of-01000#499__t76__145_222,collision,failure_collision,33,33,-1.002903796202814,-1.0,0.0,-0.0029037962028141064,0.0,0.0,33,0,0,0,33,33,0,1.0,1.0,0.0,,
1,outputs/checkpoints/full_seed0_step000001.pkl,training_tfexample.tfrecord-00006-of-01000#88__t61__198_172,collision,failure_collision,61,61,-0.8136129587177985,-1.0,0.0,-0.23150966175712695,0.4178967030393286,0.0,61,0,0,0,26,12,14,0.4262295081967213,0.19672131147540983,0.22950819672131148,,
1,outputs/checkpoints/full_seed0_step000001.pkl,training_tfexample.tfrecord-00007-of-01000#157__t58__376_324,collision,failure_collision,28,28,-0.9174803625499497,-1.0,0.0,0.0,0.08251963745005036,0.0,28,0,0,0,22,22,0,0.7857142857142857,0.7857142857142857,0.0,,
1,outputs/checkpoints/full_seed0_step000001.pkl,training_tfexample.tfrecord-00007-of-01000#186__t61__239_362,collision,failure_collision,27,27,-1.0446915868650288,-1.0,0.0,-0.062298006582481455,0.07760641971745275,-0.06,21,6,0,0,27,27,0,1.0,1.0,0.0,,
1,outputs/checkpoints/full_seed0_step000001.pkl,training_tfexample.tfrecord-00007-of-01000#195__t80__236_221,collision,failure_collision,15,15,-1.0562020875396296,-1.0,0.0,-0.11134170338706875,0.055139615847439094,0.0,15,0,0,0,15,11,4,1.0,0.7333333333333333,0.26666666666666666,,
1,outputs/checkpoints/full_seed0_step000001.pkl,training_tfexample.tfrecord-00007-of-01000#20__t43__256_253,collision,failure_collision,46,46,-0.9002686839709314,-1.0,0.0,-0.04633433764739057,0.14606565367645902,0.0,46,0,0,0,16,16,0,0.34782608695652173,0.34782608695652173,0.0,,
1,outputs/checkpoints/full_seed0_step000001.pkl,training_tfexample.tfrecord-00008-of-01000#16__t83__692_666,timeout,truncation_horizon,40,33,-0.12435914448145086,-0.5,0.0,-0.1043591444814509,0.5,-0.02,32,0,1,0,16,16,0,0.4,0.4,0.0,32,
1,outputs/checkpoints/full_seed0_step000001.pkl,training_tfexample.tfrecord-00008-of-01000#174__t57__201_224,collision,failure_collision,43,43,-0.6231851275868605,-1.0,0.0,-0.08692301342688082,0.4637378858400203,0.0,43,0,0,0,12,10,2,0.27906976744186046,0.23255813953488372,0.046511627906976744,,
1,outputs/checkpoints/full_seed0_step000001.pkl,training_tfexample.tfrecord-00008-of-01000#246__t64__430_426,success,success,25,21,1.48,1.0,0.0,0.0,0.5,-0.02,20,0,1,0,18,18,0,0.72,0.72,0.0,20,
1,outputs/checkpoints/full_seed0_step000001.pkl,training_tfexample.tfrecord-00008-of-01000#296__t72__178_186,timeout,truncation_horizon,69,69,-0.6932216989808103,-0.5,0.0,-0.1932216989808103,0.0,0.0,69,0,0,0,69,4,65,1.0,0.057971014492753624,0.9420289855072463,,
1,outputs/checkpoints/full_seed0_step000001.pkl,training_tfexample.tfrecord-00008-of-01000#35__t78__114_106,timeout,truncation_horizon,49,49,-0.1678139789619304,-0.5,0.0,-0.16781397896193032,0.5,0.0,49,0,0,0,0,0,0,0.0,0.0,0.0,,
1,outputs/checkpoints/full_seed0_step000001.pkl,training_tfexample.tfrecord-00008-of-01000#411__t40__225_238,collision,failure_collision,37,31,-0.5943850209757722,-1.0,0.0,-0.04786669048608789,0.47348166951031573,-0.02,30,0,1,0,18,18,0,0.4864864864864865,0.4864864864864865,0.0,30,
1,outputs/checkpoints/full_seed0_step000001.pkl,training_tfexample.tfrecord-00008-of-01000#67__t34__396_387,collision,failure_collision,21,21,-0.9386778000120843,-1.0,0.0,-0.026033970553026555,0.08735617054094219,0.0,21,0,0,0,21,21,0,1.0,1.0,0.0,,
1,outputs/checkpoints/full_seed0_step000001.pkl,training_tfexample.tfrecord-00009-of-01000#271__t12__175_268,success,success,13,13,1.4048818046415537,1.0,0.0,-0.07511819535844624,0.5,-0.02,12,0,1,0,5,5,0,0.38461538461538464,0.38461538461538464,0.0,12,
1,outputs/checkpoints/full_seed0_step000001.pkl,training_tfexample.tfrecord-00009-of-01000#293__t37__338_293,success,success,29,29,1.341472248731089,1.0,0.0,-0.09852775126891072,0.5,-0.06,26,2,1,0,29,29,0,1.0,1.0,0.0,28,
1,outputs/checkpoints/full_seed0_step000001.pkl,training_tfexample.tfrecord-00009-of-01000#337__t82__205_204,collision,failure_collision,21,21,-1.1139729500563416,-1.0,0.0,-0.19802643169973663,0.08405348164339504,0.0,21,0,0,0,21,16,5,1.0,0.7619047619047619,0.23809523809523808,,
1,outputs/checkpoints/full_seed0_step000001.pkl,training_tfexample.tfrecord-00009-of-01000#407__t30__678_681,success,success,69,69,1.3494118745460566,1.0,0.0,-0.13058812545394335,0.5,-0.02,68,0,1,0,0,0,0,0.0,0.0,0.0,68,
1,outputs/checkpoints/full_seed0_step000001.pkl,training_tfexample.tfrecord-00009-of-01000#47__t80__268_209,collision,failure_collision,43,43,-0.8728821418965568,-1.0,0.0,-0.20075570143558719,0.3278735595390303,0.0,43,0,0,0,21,21,0,0.4883720930232558,0.4883720930232558,0.0,,
1,outputs/checkpoints/full_seed0_step000001.pkl,training_tfexample.tfrecord-00009-of-01000#59__t18__221_257,timeout,truncation_horizon,90,90,-0.4931662931860319,-0.5,0.0,-0.49316629318603183,0.5,0.0,90,0,0,0,1,1,0,0.011111111111111112,0.011111111111111112,0.0,,
