maneuver_id,split,scene_key,source_shard,record_index,is_chained,lane_chain_length,steps_executed,termination_reason,terminated,truncated,exception,nan_or_inf_observed,nan_or_inf_detail,downstream_status_counts,chain_advanced_count,final_active_transition_index,transition_index_out_of_bounds,success,collision,offroad,wall_time_s
MAN_0001,train,training_tfexample.tfrecord-00000-of-01000#12,training_tfexample.tfrecord-00000-of-01000,12,False,2,18,success,True,False,,False,,"{""OK"": 18, ""INVALID_REFERENCE"": 0, ""PLANNER_INFEASIBLE"": 0, ""COLLISION_BLOCKED"": 0, ""CONTROLLER_FAILURE"": 0}",0,0,False,True,False,False,18.47075927699916
MAN_0002,train,training_tfexample.tfrecord-00000-of-01000#18,training_tfexample.tfrecord-00000-of-01000,18,False,2,15,success,True,False,,False,,"{""OK"": 8, ""INVALID_REFERENCE"": 0, ""PLANNER_INFEASIBLE"": 0, ""COLLISION_BLOCKED"": 7, ""CONTROLLER_FAILURE"": 0}",0,0,False,True,False,False,8.878114211023785
MAN_0003,train,training_tfexample.tfrecord-00000-of-01000#20,training_tfexample.tfrecord-00000-of-01000,20,False,2,85,truncation_horizon,False,True,,False,,"{""OK"": 0, ""INVALID_REFERENCE"": 0, ""PLANNER_INFEASIBLE"": 71, ""COLLISION_BLOCKED"": 14, ""CONTROLLER_FAILURE"": 0}",0,0,False,False,False,False,42.49578501802171
MAN_0004,train,training_tfexample.tfrecord-00000-of-01000#40,training_tfexample.tfrecord-00000-of-01000,40,False,2,17,success,True,False,,False,,"{""OK"": 17, ""INVALID_REFERENCE"": 0, ""PLANNER_INFEASIBLE"": 0, ""COLLISION_BLOCKED"": 0, ""CONTROLLER_FAILURE"": 0}",0,0,False,True,False,False,11.719540188962128
MAN_0005,train,training_tfexample.tfrecord-00000-of-01000#44,training_tfexample.tfrecord-00000-of-01000,44,False,2,27,failure_collision,True,False,,False,,"{""OK"": 0, ""INVALID_REFERENCE"": 0, ""PLANNER_INFEASIBLE"": 23, ""COLLISION_BLOCKED"": 4, ""CONTROLLER_FAILURE"": 0}",0,0,False,False,True,False,12.426603774016257
MAN_0006,train,training_tfexample.tfrecord-00000-of-01000#62,training_tfexample.tfrecord-00000-of-01000,62,False,2,21,success,True,False,,False,,"{""OK"": 21, ""INVALID_REFERENCE"": 0, ""PLANNER_INFEASIBLE"": 0, ""COLLISION_BLOCKED"": 0, ""CONTROLLER_FAILURE"": 0}",0,0,False,True,False,False,14.34534145402722
MAN_0007,train,training_tfexample.tfrecord-00000-of-01000#99,training_tfexample.tfrecord-00000-of-01000,99,False,2,15,failure_collision,True,False,,False,,"{""OK"": 0, ""INVALID_REFERENCE"": 0, ""PLANNER_INFEASIBLE"": 15, ""COLLISION_BLOCKED"": 0, ""CONTROLLER_FAILURE"": 0}",0,0,False,False,True,False,8.013722748029977
MAN_0010,train,training_tfexample.tfrecord-00000-of-01000#132,training_tfexample.tfrecord-00000-of-01000,132,False,2,21,failure_collision,True,False,,False,,"{""OK"": 0, ""INVALID_REFERENCE"": 0, ""PLANNER_INFEASIBLE"": 21, ""COLLISION_BLOCKED"": 0, ""CONTROLLER_FAILURE"": 0}",0,0,False,False,True,False,10.84598567703506
MAN_0013,train,training_tfexample.tfrecord-00000-of-01000#215,training_tfexample.tfrecord-00000-of-01000,215,False,2,38,success,True,False,,False,,"{""OK"": 37, ""INVALID_REFERENCE"": 0, ""PLANNER_INFEASIBLE"": 1, ""COLLISION_BLOCKED"": 0, ""CONTROLLER_FAILURE"": 0}",0,0,False,True,False,False,27.30622891697567
MAN_0015,train,training_tfexample.tfrecord-00000-of-01000#391,training_tfexample.tfrecord-00000-of-01000,391,False,2,23,success,True,False,,False,,"{""OK"": 23, ""INVALID_REFERENCE"": 0, ""PLANNER_INFEASIBLE"": 0, ""COLLISION_BLOCKED"": 0, ""CONTROLLER_FAILURE"": 0}",0,0,False,True,False,False,18.32708492403617
MAN_0016,train,training_tfexample.tfrecord-00001-of-01000#34,training_tfexample.tfrecord-00001-of-01000,34,False,2,26,success,True,False,,False,,"{""OK"": 26, ""INVALID_REFERENCE"": 0, ""PLANNER_INFEASIBLE"": 0, ""COLLISION_BLOCKED"": 0, ""CONTROLLER_FAILURE"": 0}",0,0,False,True,False,False,17.382769934018143
MAN_0018,train,training_tfexample.tfrecord-00001-of-01000#82,training_tfexample.tfrecord-00001-of-01000,82,False,2,41,success,True,False,,False,,"{""OK"": 41, ""INVALID_REFERENCE"": 0, ""PLANNER_INFEASIBLE"": 0, ""COLLISION_BLOCKED"": 0, ""CONTROLLER_FAILURE"": 0}",0,0,False,True,False,False,28.106114880996756
MAN_0020,train,training_tfexample.tfrecord-00001-of-01000#193,training_tfexample.tfrecord-00001-of-01000,193,False,2,13,success,True,False,,False,,"{""OK"": 13, ""INVALID_REFERENCE"": 0, ""PLANNER_INFEASIBLE"": 0, ""COLLISION_BLOCKED"": 0, ""CONTROLLER_FAILURE"": 0}",0,0,False,True,False,False,10.526501710992306
MAN_0022,train,training_tfexample.tfrecord-00001-of-01000#288,training_tfexample.tfrecord-00001-of-01000,288,False,2,28,success,True,False,,False,,"{""OK"": 28, ""INVALID_REFERENCE"": 0, ""PLANNER_INFEASIBLE"": 0, ""COLLISION_BLOCKED"": 0, ""CONTROLLER_FAILURE"": 0}",0,0,False,True,False,False,22.308321010961663
MAN_0023,train,training_tfexample.tfrecord-00001-of-01000#344,training_tfexample.tfrecord-00001-of-01000,344,False,2,90,truncation_horizon,False,True,,False,,"{""OK"": 0, ""INVALID_REFERENCE"": 0, ""PLANNER_INFEASIBLE"": 90, ""COLLISION_BLOCKED"": 0, ""CONTROLLER_FAILURE"": 0}",0,0,False,False,False,False,45.41236005502287
MAN_0025,train,training_tfexample.tfrecord-00001-of-01000#357,training_tfexample.tfrecord-00001-of-01000,357,False,2,29,failure_collision,True,False,,False,,"{""OK"": 0, ""INVALID_REFERENCE"": 0, ""PLANNER_INFEASIBLE"": 22, ""COLLISION_BLOCKED"": 7, ""CONTROLLER_FAILURE"": 0}",0,0,False,False,True,False,17.225266410037875
MAN_0026,train,training_tfexample.tfrecord-00002-of-01000#22,training_tfexample.tfrecord-00002-of-01000,22,False,2,12,success,True,False,,False,,"{""OK"": 12, ""INVALID_REFERENCE"": 0, ""PLANNER_INFEASIBLE"": 0, ""COLLISION_BLOCKED"": 0, ""CONTROLLER_FAILURE"": 0}",0,0,False,True,False,False,8.622165224980563
MAN_0028,train,training_tfexample.tfrecord-00002-of-01000#146,training_tfexample.tfrecord-00002-of-01000,146,False,2,13,success,True,False,,False,,"{""OK"": 11, ""INVALID_REFERENCE"": 0, ""PLANNER_INFEASIBLE"": 0, ""COLLISION_BLOCKED"": 2, ""CONTROLLER_FAILURE"": 0}",0,0,False,True,False,False,9.652038113970775
MAN_0033,train,training_tfexample.tfrecord-00002-of-01000#359,training_tfexample.tfrecord-00002-of-01000,359,False,2,38,success,True,False,,False,,"{""OK"": 38, ""INVALID_REFERENCE"": 0, ""PLANNER_INFEASIBLE"": 0, ""COLLISION_BLOCKED"": 0, ""CONTROLLER_FAILURE"": 0}",0,0,False,True,False,False,27.615611069020815
MAN_0035,train,training_tfexample.tfrecord-00002-of-01000#479,training_tfexample.tfrecord-00002-of-01000,479,False,2,13,success,True,False,,False,,"{""OK"": 13, ""INVALID_REFERENCE"": 0, ""PLANNER_INFEASIBLE"": 0, ""COLLISION_BLOCKED"": 0, ""CONTROLLER_FAILURE"": 0}",0,0,False,True,False,False,13.405705989978742
MAN_0036,train,training_tfexample.tfrecord-00002-of-01000#499,training_tfexample.tfrecord-00002-of-01000,499,False,2,40,truncation_horizon,False,True,,False,,"{""OK"": 21, ""INVALID_REFERENCE"": 0, ""PLANNER_INFEASIBLE"": 13, ""COLLISION_BLOCKED"": 6, ""CONTROLLER_FAILURE"": 0}",0,0,False,False,False,False,27.753838094999082
MAN_0037,train,training_tfexample.tfrecord-00003-of-01000#86,training_tfexample.tfrecord-00003-of-01000,86,False,2,61,success,True,False,,False,,"{""OK"": 56, ""INVALID_REFERENCE"": 0, ""PLANNER_INFEASIBLE"": 0, ""COLLISION_BLOCKED"": 5, ""CONTROLLER_FAILURE"": 0}",0,0,False,True,False,False,44.780707973986864
MAN_0038,train,training_tfexample.tfrecord-00003-of-01000#120,training_tfexample.tfrecord-00003-of-01000,120,False,2,17,success,True,False,,False,,"{""OK"": 11, ""INVALID_REFERENCE"": 0, ""PLANNER_INFEASIBLE"": 0, ""COLLISION_BLOCKED"": 6, ""CONTROLLER_FAILURE"": 0}",0,0,False,True,False,False,12.221182471024804
MAN_0042,train,training_tfexample.tfrecord-00003-of-01000#227,training_tfexample.tfrecord-00003-of-01000,227,False,2,17,success,True,False,,False,,"{""OK"": 15, ""INVALID_REFERENCE"": 0, ""PLANNER_INFEASIBLE"": 0, ""COLLISION_BLOCKED"": 2, ""CONTROLLER_FAILURE"": 0}",0,0,False,True,False,False,13.141129392955918
MAN_0043,train,training_tfexample.tfrecord-00003-of-01000#231,training_tfexample.tfrecord-00003-of-01000,231,False,2,34,success,True,False,,False,,"{""OK"": 28, ""INVALID_REFERENCE"": 0, ""PLANNER_INFEASIBLE"": 0, ""COLLISION_BLOCKED"": 6, ""CONTROLLER_FAILURE"": 0}",0,0,False,True,False,False,22.91087850299664
MAN_0044,train,training_tfexample.tfrecord-00003-of-01000#250,training_tfexample.tfrecord-00003-of-01000,250,False,2,90,truncation_horizon,False,True,,False,,"{""OK"": 0, ""INVALID_REFERENCE"": 0, ""PLANNER_INFEASIBLE"": 90, ""COLLISION_BLOCKED"": 0, ""CONTROLLER_FAILURE"": 0}",0,0,False,False,False,False,47.497242749959696
MAN_0045,train,training_tfexample.tfrecord-00003-of-01000#295,training_tfexample.tfrecord-00003-of-01000,295,True,3,71,truncation_horizon,False,True,,False,,"{""OK"": 0, ""INVALID_REFERENCE"": 0, ""PLANNER_INFEASIBLE"": 47, ""COLLISION_BLOCKED"": 24, ""CONTROLLER_FAILURE"": 0}",1,1,False,False,False,False,41.584638732951134
MAN_0046,train,training_tfexample.tfrecord-00003-of-01000#315,training_tfexample.tfrecord-00003-of-01000,315,False,2,1,failure_offroad,True,False,,False,,"{""OK"": 1, ""INVALID_REFERENCE"": 0, ""PLANNER_INFEASIBLE"": 0, ""COLLISION_BLOCKED"": 0, ""CONTROLLER_FAILURE"": 0}",0,0,False,False,False,True,3.9417847730219364
MAN_0047,train,training_tfexample.tfrecord-00003-of-01000#331,training_tfexample.tfrecord-00003-of-01000,331,False,2,28,success,True,False,,False,,"{""OK"": 11, ""INVALID_REFERENCE"": 0, ""PLANNER_INFEASIBLE"": 0, ""COLLISION_BLOCKED"": 17, ""CONTROLLER_FAILURE"": 0}",0,0,False,True,False,False,19.566005967964884
MAN_0049,train,training_tfexample.tfrecord-00003-of-01000#359,training_tfexample.tfrecord-00003-of-01000,359,False,2,22,success,True,False,,False,,"{""OK"": 13, ""INVALID_REFERENCE"": 0, ""PLANNER_INFEASIBLE"": 1, ""COLLISION_BLOCKED"": 8, ""CONTROLLER_FAILURE"": 0}",0,0,False,True,False,False,16.262833686021622
MAN_0050,train,training_tfexample.tfrecord-00003-of-01000#381,training_tfexample.tfrecord-00003-of-01000,381,False,2,20,failure_offroad,True,False,,False,,"{""OK"": 20, ""INVALID_REFERENCE"": 0, ""PLANNER_INFEASIBLE"": 0, ""COLLISION_BLOCKED"": 0, ""CONTROLLER_FAILURE"": 0}",0,0,False,False,False,True,16.81582974101184
MAN_0051,train,training_tfexample.tfrecord-00003-of-01000#389,training_tfexample.tfrecord-00003-of-01000,389,False,2,16,success,True,False,,False,,"{""OK"": 16, ""INVALID_REFERENCE"": 0, ""PLANNER_INFEASIBLE"": 0, ""COLLISION_BLOCKED"": 0, ""CONTROLLER_FAILURE"": 0}",0,0,False,True,False,False,14.48332312097773
MAN_0052,train,training_tfexample.tfrecord-00003-of-01000#389,training_tfexample.tfrecord-00003-of-01000,389,False,2,17,success,True,False,,False,,"{""OK"": 17, ""INVALID_REFERENCE"": 0, ""PLANNER_INFEASIBLE"": 0, ""COLLISION_BLOCKED"": 0, ""CONTROLLER_FAILURE"": 0}",0,0,False,True,False,False,15.342266265011858
MAN_0054,train,training_tfexample.tfrecord-00004-of-01000#62,training_tfexample.tfrecord-00004-of-01000,62,False,2,19,success,True,False,,False,,"{""OK"": 0, ""INVALID_REFERENCE"": 0, ""PLANNER_INFEASIBLE"": 0, ""COLLISION_BLOCKED"": 19, ""CONTROLLER_FAILURE"": 0}",0,0,False,True,False,False,9.992338284035213
MAN_0055,train,training_tfexample.tfrecord-00004-of-01000#62,training_tfexample.tfrecord-00004-of-01000,62,False,2,14,success,True,False,,False,,"{""OK"": 12, ""INVALID_REFERENCE"": 0, ""PLANNER_INFEASIBLE"": 2, ""COLLISION_BLOCKED"": 0, ""CONTROLLER_FAILURE"": 0}",0,0,False,True,False,False,10.250684086990077
MAN_0056,train,training_tfexample.tfrecord-00004-of-01000#87,training_tfexample.tfrecord-00004-of-01000,87,False,2,28,failure_collision,True,False,,False,,"{""OK"": 0, ""INVALID_REFERENCE"": 0, ""PLANNER_INFEASIBLE"": 28, ""COLLISION_BLOCKED"": 0, ""CONTROLLER_FAILURE"": 0}",0,0,False,False,True,False,13.50598875497235
MAN_0057,train,training_tfexample.tfrecord-00004-of-01000#100,training_tfexample.tfrecord-00004-of-01000,100,False,2,28,failure_collision,True,False,,False,,"{""OK"": 0, ""INVALID_REFERENCE"": 0, ""PLANNER_INFEASIBLE"": 22, ""COLLISION_BLOCKED"": 6, ""CONTROLLER_FAILURE"": 0}",0,0,False,False,True,False,14.490373495966196
MAN_0058,train,training_tfexample.tfrecord-00004-of-01000#128,training_tfexample.tfrecord-00004-of-01000,128,False,2,21,success,True,False,,False,,"{""OK"": 21, ""INVALID_REFERENCE"": 0, ""PLANNER_INFEASIBLE"": 0, ""COLLISION_BLOCKED"": 0, ""CONTROLLER_FAILURE"": 0}",0,0,False,True,False,False,15.115861878963187
MAN_0059,train,training_tfexample.tfrecord-00004-of-01000#150,training_tfexample.tfrecord-00004-of-01000,150,False,2,38,success,True,False,,False,,"{""OK"": 38, ""INVALID_REFERENCE"": 0, ""PLANNER_INFEASIBLE"": 0, ""COLLISION_BLOCKED"": 0, ""CONTROLLER_FAILURE"": 0}",0,0,False,True,False,False,26.894806722004432
MAN_0062,train,training_tfexample.tfrecord-00004-of-01000#168,training_tfexample.tfrecord-00004-of-01000,168,True,3,28,success,True,False,,False,,"{""OK"": 10, ""INVALID_REFERENCE"": 0, ""PLANNER_INFEASIBLE"": 0, ""COLLISION_BLOCKED"": 18, ""CONTROLLER_FAILURE"": 0}",1,1,False,True,False,False,18.462873193027917
MAN_0063,train,training_tfexample.tfrecord-00004-of-01000#168,training_tfexample.tfrecord-00004-of-01000,168,False,2,16,success,True,False,,False,,"{""OK"": 8, ""INVALID_REFERENCE"": 0, ""PLANNER_INFEASIBLE"": 0, ""COLLISION_BLOCKED"": 8, ""CONTROLLER_FAILURE"": 0}",0,0,False,True,False,False,11.010139133024495
MAN_0064,train,training_tfexample.tfrecord-00004-of-01000#168,training_tfexample.tfrecord-00004-of-01000,168,False,2,14,success,True,False,,False,,"{""OK"": 14, ""INVALID_REFERENCE"": 0, ""PLANNER_INFEASIBLE"": 0, ""COLLISION_BLOCKED"": 0, ""CONTROLLER_FAILURE"": 0}",0,0,False,True,False,False,11.388267047994304
MAN_0065,train,training_tfexample.tfrecord-00004-of-01000#171,training_tfexample.tfrecord-00004-of-01000,171,False,2,30,truncation_horizon,False,True,,False,,"{""OK"": 14, ""INVALID_REFERENCE"": 0, ""PLANNER_INFEASIBLE"": 0, ""COLLISION_BLOCKED"": 16, ""CONTROLLER_FAILURE"": 0}",0,0,False,False,False,False,18.678211110003758
MAN_0066,train,training_tfexample.tfrecord-00004-of-01000#174,training_tfexample.tfrecord-00004-of-01000,174,True,3,76,truncation_horizon,False,True,,False,,"{""OK"": 0, ""INVALID_REFERENCE"": 0, ""PLANNER_INFEASIBLE"": 58, ""COLLISION_BLOCKED"": 18, ""CONTROLLER_FAILURE"": 0}",1,1,False,False,False,False,42.43612113897689
MAN_0067,train,training_tfexample.tfrecord-00004-of-01000#226,training_tfexample.tfrecord-00004-of-01000,226,False,2,19,success,True,False,,False,,"{""OK"": 18, ""INVALID_REFERENCE"": 0, ""PLANNER_INFEASIBLE"": 0, ""COLLISION_BLOCKED"": 1, ""CONTROLLER_FAILURE"": 0}",0,0,False,True,False,False,14.479068966989871
MAN_0068,train,training_tfexample.tfrecord-00004-of-01000#234,training_tfexample.tfrecord-00004-of-01000,234,False,2,23,success,True,False,,False,,"{""OK"": 6, ""INVALID_REFERENCE"": 0, ""PLANNER_INFEASIBLE"": 0, ""COLLISION_BLOCKED"": 17, ""CONTROLLER_FAILURE"": 0}",0,0,False,True,False,False,14.39653476094827
MAN_0069,train,training_tfexample.tfrecord-00004-of-01000#234,training_tfexample.tfrecord-00004-of-01000,234,False,2,15,success,True,False,,False,,"{""OK"": 15, ""INVALID_REFERENCE"": 0, ""PLANNER_INFEASIBLE"": 0, ""COLLISION_BLOCKED"": 0, ""CONTROLLER_FAILURE"": 0}",0,0,False,True,False,False,12.748359847988468
MAN_0070,train,training_tfexample.tfrecord-00004-of-01000#275,training_tfexample.tfrecord-00004-of-01000,275,False,2,8,success,True,False,,False,,"{""OK"": 0, ""INVALID_REFERENCE"": 0, ""PLANNER_INFEASIBLE"": 5, ""COLLISION_BLOCKED"": 3, ""CONTROLLER_FAILURE"": 0}",0,0,False,True,False,False,6.29772883298574
MAN_0071,train,training_tfexample.tfrecord-00004-of-01000#281,training_tfexample.tfrecord-00004-of-01000,281,True,3,20,failure_collision,True,False,,False,,"{""OK"": 0, ""INVALID_REFERENCE"": 0, ""PLANNER_INFEASIBLE"": 20, ""COLLISION_BLOCKED"": 0, ""CONTROLLER_FAILURE"": 0}",0,0,False,False,True,False,11.169568396988325
MAN_0073,train,training_tfexample.tfrecord-00004-of-01000#295,training_tfexample.tfrecord-00004-of-01000,295,False,2,32,success,True,False,,False,,"{""OK"": 32, ""INVALID_REFERENCE"": 0, ""PLANNER_INFEASIBLE"": 0, ""COLLISION_BLOCKED"": 0, ""CONTROLLER_FAILURE"": 0}",0,0,False,True,False,False,23.590535125986207
MAN_0074,train,training_tfexample.tfrecord-00004-of-01000#325,training_tfexample.tfrecord-00004-of-01000,325,False,2,17,success,True,False,,False,,"{""OK"": 17, ""INVALID_REFERENCE"": 0, ""PLANNER_INFEASIBLE"": 0, ""COLLISION_BLOCKED"": 0, ""CONTROLLER_FAILURE"": 0}",0,0,False,True,False,False,14.105813998030499
MAN_0076,train,training_tfexample.tfrecord-00004-of-01000#364,training_tfexample.tfrecord-00004-of-01000,364,False,2,45,success,True,False,,False,,"{""OK"": 40, ""INVALID_REFERENCE"": 0, ""PLANNER_INFEASIBLE"": 0, ""COLLISION_BLOCKED"": 5, ""CONTROLLER_FAILURE"": 0}",0,0,False,True,False,False,32.65972456900636
MAN_0077,train,training_tfexample.tfrecord-00004-of-01000#410,training_tfexample.tfrecord-00004-of-01000,410,False,2,30,truncation_horizon,False,True,,False,,"{""OK"": 30, ""INVALID_REFERENCE"": 0, ""PLANNER_INFEASIBLE"": 0, ""COLLISION_BLOCKED"": 0, ""CONTROLLER_FAILURE"": 0}",0,0,False,False,False,False,26.228636873012874
MAN_0078,train,training_tfexample.tfrecord-00004-of-01000#431,training_tfexample.tfrecord-00004-of-01000,431,False,2,12,success,True,False,,False,,"{""OK"": 12, ""INVALID_REFERENCE"": 0, ""PLANNER_INFEASIBLE"": 0, ""COLLISION_BLOCKED"": 0, ""CONTROLLER_FAILURE"": 0}",0,0,False,True,False,False,11.840009190957062
MAN_0079,train,training_tfexample.tfrecord-00004-of-01000#431,training_tfexample.tfrecord-00004-of-01000,431,False,2,26,success,True,False,,False,,"{""OK"": 26, ""INVALID_REFERENCE"": 0, ""PLANNER_INFEASIBLE"": 0, ""COLLISION_BLOCKED"": 0, ""CONTROLLER_FAILURE"": 0}",0,0,False,True,False,False,21.43200541200349
MAN_0080,train,training_tfexample.tfrecord-00004-of-01000#439,training_tfexample.tfrecord-00004-of-01000,439,False,2,37,success,True,False,,False,,"{""OK"": 37, ""INVALID_REFERENCE"": 0, ""PLANNER_INFEASIBLE"": 0, ""COLLISION_BLOCKED"": 0, ""CONTROLLER_FAILURE"": 0}",0,0,False,True,False,False,28.17443180200644
MAN_0081,train,training_tfexample.tfrecord-00004-of-01000#474,training_tfexample.tfrecord-00004-of-01000,474,False,2,18,success,True,False,,False,,"{""OK"": 17, ""INVALID_REFERENCE"": 0, ""PLANNER_INFEASIBLE"": 0, ""COLLISION_BLOCKED"": 1, ""CONTROLLER_FAILURE"": 0}",0,0,False,True,False,False,16.991548067948315
MAN_0082,train,training_tfexample.tfrecord-00004-of-01000#491,training_tfexample.tfrecord-00004-of-01000,491,False,2,35,failure_collision,True,False,,False,,"{""OK"": 0, ""INVALID_REFERENCE"": 0, ""PLANNER_INFEASIBLE"": 35, ""COLLISION_BLOCKED"": 0, ""CONTROLLER_FAILURE"": 0}",0,0,False,False,True,False,19.413227483979426
MAN_0083,train,training_tfexample.tfrecord-00005-of-01000#127,training_tfexample.tfrecord-00005-of-01000,127,False,2,16,success,True,False,,False,,"{""OK"": 16, ""INVALID_REFERENCE"": 0, ""PLANNER_INFEASIBLE"": 0, ""COLLISION_BLOCKED"": 0, ""CONTROLLER_FAILURE"": 0}",0,0,False,True,False,False,12.06464599299943
MAN_0084,train,training_tfexample.tfrecord-00005-of-01000#130,training_tfexample.tfrecord-00005-of-01000,130,False,2,10,success,True,False,,False,,"{""OK"": 0, ""INVALID_REFERENCE"": 0, ""PLANNER_INFEASIBLE"": 0, ""COLLISION_BLOCKED"": 10, ""CONTROLLER_FAILURE"": 0}",0,0,False,True,False,False,6.104629784007557
MAN_0085,train,training_tfexample.tfrecord-00005-of-01000#145,training_tfexample.tfrecord-00005-of-01000,145,False,2,26,success,True,False,,False,,"{""OK"": 26, ""INVALID_REFERENCE"": 0, ""PLANNER_INFEASIBLE"": 0, ""COLLISION_BLOCKED"": 0, ""CONTROLLER_FAILURE"": 0}",0,0,False,True,False,False,18.926645311003085
MAN_0086,train,training_tfexample.tfrecord-00005-of-01000#153,training_tfexample.tfrecord-00005-of-01000,153,False,2,48,truncation_horizon,False,True,,False,,"{""OK"": 0, ""INVALID_REFERENCE"": 0, ""PLANNER_INFEASIBLE"": 47, ""COLLISION_BLOCKED"": 1, ""CONTROLLER_FAILURE"": 0}",0,0,False,False,False,False,25.988016212009825
MAN_0089,train,training_tfexample.tfrecord-00005-of-01000#169,training_tfexample.tfrecord-00005-of-01000,169,False,2,19,failure_offroad,True,False,,False,,"{""OK"": 14, ""INVALID_REFERENCE"": 0, ""PLANNER_INFEASIBLE"": 0, ""COLLISION_BLOCKED"": 5, ""CONTROLLER_FAILURE"": 0}",0,0,False,False,False,True,13.26974674500525
MAN_0091,train,training_tfexample.tfrecord-00005-of-01000#247,training_tfexample.tfrecord-00005-of-01000,247,False,2,44,truncation_horizon,False,True,,False,,"{""OK"": 3, ""INVALID_REFERENCE"": 0, ""PLANNER_INFEASIBLE"": 25, ""COLLISION_BLOCKED"": 16, ""CONTROLLER_FAILURE"": 0}",0,0,False,False,False,False,25.1649459170294
MAN_0093,train,training_tfexample.tfrecord-00005-of-01000#401,training_tfexample.tfrecord-00005-of-01000,401,False,2,29,success,True,False,,False,,"{""OK"": 29, ""INVALID_REFERENCE"": 0, ""PLANNER_INFEASIBLE"": 0, ""COLLISION_BLOCKED"": 0, ""CONTROLLER_FAILURE"": 0}",0,0,False,True,False,False,25.104835338017438
MAN_0095,train,training_tfexample.tfrecord-00006-of-01000#25,training_tfexample.tfrecord-00006-of-01000,25,False,2,23,success,True,False,,False,,"{""OK"": 22, ""INVALID_REFERENCE"": 0, ""PLANNER_INFEASIBLE"": 0, ""COLLISION_BLOCKED"": 1, ""CONTROLLER_FAILURE"": 0}",0,0,False,True,False,False,15.759717845998239
MAN_0096,train,training_tfexample.tfrecord-00006-of-01000#27,training_tfexample.tfrecord-00006-of-01000,27,False,2,86,truncation_horizon,False,True,,False,,"{""OK"": 0, ""INVALID_REFERENCE"": 0, ""PLANNER_INFEASIBLE"": 86, ""COLLISION_BLOCKED"": 0, ""CONTROLLER_FAILURE"": 0}",0,0,False,False,False,False,38.68888709205203
MAN_0103,train,training_tfexample.tfrecord-00006-of-01000#230,training_tfexample.tfrecord-00006-of-01000,230,False,2,28,success,True,False,,False,,"{""OK"": 28, ""INVALID_REFERENCE"": 0, ""PLANNER_INFEASIBLE"": 0, ""COLLISION_BLOCKED"": 0, ""CONTROLLER_FAILURE"": 0}",0,0,False,True,False,False,22.430671688052826
MAN_0106,train,training_tfexample.tfrecord-00006-of-01000#260,training_tfexample.tfrecord-00006-of-01000,260,False,2,16,success,True,False,,False,,"{""OK"": 11, ""INVALID_REFERENCE"": 0, ""PLANNER_INFEASIBLE"": 0, ""COLLISION_BLOCKED"": 5, ""CONTROLLER_FAILURE"": 0}",0,0,False,True,False,False,12.117811233969405
MAN_0107,train,training_tfexample.tfrecord-00006-of-01000#283,training_tfexample.tfrecord-00006-of-01000,283,True,3,71,truncation_horizon,False,True,,False,,"{""OK"": 3, ""INVALID_REFERENCE"": 0, ""PLANNER_INFEASIBLE"": 68, ""COLLISION_BLOCKED"": 0, ""CONTROLLER_FAILURE"": 0}",0,0,False,False,False,False,34.99062223098008
MAN_0109,train,training_tfexample.tfrecord-00006-of-01000#368,training_tfexample.tfrecord-00006-of-01000,368,True,3,45,success,True,False,,False,,"{""OK"": 33, ""INVALID_REFERENCE"": 0, ""PLANNER_INFEASIBLE"": 0, ""COLLISION_BLOCKED"": 12, ""CONTROLLER_FAILURE"": 0}",1,1,False,True,False,False,31.068049483990762
MAN_0110,train,training_tfexample.tfrecord-00006-of-01000#369,training_tfexample.tfrecord-00006-of-01000,369,False,2,17,success,True,False,,False,,"{""OK"": 17, ""INVALID_REFERENCE"": 0, ""PLANNER_INFEASIBLE"": 0, ""COLLISION_BLOCKED"": 0, ""CONTROLLER_FAILURE"": 0}",0,0,False,True,False,False,15.241422988008708
MAN_0111,train,training_tfexample.tfrecord-00006-of-01000#402,training_tfexample.tfrecord-00006-of-01000,402,False,2,26,success,True,False,,False,,"{""OK"": 26, ""INVALID_REFERENCE"": 0, ""PLANNER_INFEASIBLE"": 0, ""COLLISION_BLOCKED"": 0, ""CONTROLLER_FAILURE"": 0}",0,0,False,True,False,False,21.710468620003667
MAN_0114,train,training_tfexample.tfrecord-00006-of-01000#470,training_tfexample.tfrecord-00006-of-01000,470,False,2,15,success,True,False,,False,,"{""OK"": 15, ""INVALID_REFERENCE"": 0, ""PLANNER_INFEASIBLE"": 0, ""COLLISION_BLOCKED"": 0, ""CONTROLLER_FAILURE"": 0}",0,0,False,True,False,False,14.34602319903206
MAN_0115,train,training_tfexample.tfrecord-00006-of-01000#486,training_tfexample.tfrecord-00006-of-01000,486,False,2,10,success,True,False,,False,,"{""OK"": 0, ""INVALID_REFERENCE"": 0, ""PLANNER_INFEASIBLE"": 0, ""COLLISION_BLOCKED"": 10, ""CONTROLLER_FAILURE"": 0}",0,0,False,True,False,False,9.386486492992844
MAN_0117,train,training_tfexample.tfrecord-00006-of-01000#506,training_tfexample.tfrecord-00006-of-01000,506,False,2,23,success,True,False,,False,,"{""OK"": 18, ""INVALID_REFERENCE"": 0, ""PLANNER_INFEASIBLE"": 0, ""COLLISION_BLOCKED"": 5, ""CONTROLLER_FAILURE"": 0}",0,0,False,True,False,False,19.5447021650034
MAN_0118,train,training_tfexample.tfrecord-00007-of-01000#53,training_tfexample.tfrecord-00007-of-01000,53,False,2,17,success,True,False,,False,,"{""OK"": 17, ""INVALID_REFERENCE"": 0, ""PLANNER_INFEASIBLE"": 0, ""COLLISION_BLOCKED"": 0, ""CONTROLLER_FAILURE"": 0}",0,0,False,True,False,False,12.378111207974143
MAN_0119,train,training_tfexample.tfrecord-00007-of-01000#54,training_tfexample.tfrecord-00007-of-01000,54,False,2,84,failure_collision,True,False,,False,,"{""OK"": 0, ""INVALID_REFERENCE"": 0, ""PLANNER_INFEASIBLE"": 84, ""COLLISION_BLOCKED"": 0, ""CONTROLLER_FAILURE"": 0}",0,0,False,False,True,False,40.18720620399108
MAN_0121,train,training_tfexample.tfrecord-00007-of-01000#97,training_tfexample.tfrecord-00007-of-01000,97,False,2,40,success,True,False,,False,,"{""OK"": 40, ""INVALID_REFERENCE"": 0, ""PLANNER_INFEASIBLE"": 0, ""COLLISION_BLOCKED"": 0, ""CONTROLLER_FAILURE"": 0}",0,0,False,True,False,False,28.68897779600229
MAN_0123,train,training_tfexample.tfrecord-00007-of-01000#119,training_tfexample.tfrecord-00007-of-01000,119,False,2,17,success,True,False,,False,,"{""OK"": 8, ""INVALID_REFERENCE"": 0, ""PLANNER_INFEASIBLE"": 0, ""COLLISION_BLOCKED"": 9, ""CONTROLLER_FAILURE"": 0}",0,0,False,True,False,False,11.323393505008426
MAN_0124,train,training_tfexample.tfrecord-00007-of-01000#141,training_tfexample.tfrecord-00007-of-01000,141,False,2,14,failure_collision,True,False,,False,,"{""OK"": 0, ""INVALID_REFERENCE"": 0, ""PLANNER_INFEASIBLE"": 8, ""COLLISION_BLOCKED"": 6, ""CONTROLLER_FAILURE"": 0}",0,0,False,False,True,False,7.670455417013727
MAN_0125,train,training_tfexample.tfrecord-00007-of-01000#273,training_tfexample.tfrecord-00007-of-01000,273,False,2,26,success,True,False,,False,,"{""OK"": 26, ""INVALID_REFERENCE"": 0, ""PLANNER_INFEASIBLE"": 0, ""COLLISION_BLOCKED"": 0, ""CONTROLLER_FAILURE"": 0}",0,0,False,True,False,False,19.414878773968667
MAN_0126,train,training_tfexample.tfrecord-00007-of-01000#276,training_tfexample.tfrecord-00007-of-01000,276,False,2,24,failure_collision,True,False,,False,,"{""OK"": 0, ""INVALID_REFERENCE"": 0, ""PLANNER_INFEASIBLE"": 24, ""COLLISION_BLOCKED"": 0, ""CONTROLLER_FAILURE"": 0}",0,0,False,False,True,False,14.057826837000903
MAN_0127,train,training_tfexample.tfrecord-00007-of-01000#306,training_tfexample.tfrecord-00007-of-01000,306,False,2,20,success,True,False,,False,,"{""OK"": 15, ""INVALID_REFERENCE"": 0, ""PLANNER_INFEASIBLE"": 0, ""COLLISION_BLOCKED"": 5, ""CONTROLLER_FAILURE"": 0}",0,0,False,True,False,False,15.530953961948399
MAN_0128,train,training_tfexample.tfrecord-00007-of-01000#337,training_tfexample.tfrecord-00007-of-01000,337,False,2,44,failure_collision,True,False,,False,,"{""OK"": 0, ""INVALID_REFERENCE"": 0, ""PLANNER_INFEASIBLE"": 39, ""COLLISION_BLOCKED"": 5, ""CONTROLLER_FAILURE"": 0}",0,0,False,False,True,False,22.07255406997865
MAN_0129,train,training_tfexample.tfrecord-00007-of-01000#340,training_tfexample.tfrecord-00007-of-01000,340,False,2,21,success,True,False,,False,,"{""OK"": 17, ""INVALID_REFERENCE"": 0, ""PLANNER_INFEASIBLE"": 0, ""COLLISION_BLOCKED"": 4, ""CONTROLLER_FAILURE"": 0}",0,0,False,True,False,False,16.144798671011813
MAN_0130,train,training_tfexample.tfrecord-00007-of-01000#344,training_tfexample.tfrecord-00007-of-01000,344,False,2,30,success,True,False,,False,,"{""OK"": 28, ""INVALID_REFERENCE"": 0, ""PLANNER_INFEASIBLE"": 0, ""COLLISION_BLOCKED"": 2, ""CONTROLLER_FAILURE"": 0}",0,0,False,True,False,False,22.653618383978028
MAN_0131,train,training_tfexample.tfrecord-00007-of-01000#366,training_tfexample.tfrecord-00007-of-01000,366,False,2,14,success,True,False,,False,,"{""OK"": 14, ""INVALID_REFERENCE"": 0, ""PLANNER_INFEASIBLE"": 0, ""COLLISION_BLOCKED"": 0, ""CONTROLLER_FAILURE"": 0}",0,0,False,True,False,False,13.094762118998915
MAN_0133,train,training_tfexample.tfrecord-00007-of-01000#387,training_tfexample.tfrecord-00007-of-01000,387,False,2,26,success,True,False,,False,,"{""OK"": 26, ""INVALID_REFERENCE"": 0, ""PLANNER_INFEASIBLE"": 0, ""COLLISION_BLOCKED"": 0, ""CONTROLLER_FAILURE"": 0}",0,0,False,True,False,False,20.239076244994067
MAN_0134,train,training_tfexample.tfrecord-00007-of-01000#404,training_tfexample.tfrecord-00007-of-01000,404,False,2,23,success,True,False,,False,,"{""OK"": 23, ""INVALID_REFERENCE"": 0, ""PLANNER_INFEASIBLE"": 0, ""COLLISION_BLOCKED"": 0, ""CONTROLLER_FAILURE"": 0}",0,0,False,True,False,False,18.891796242038254
MAN_0135,train,training_tfexample.tfrecord-00008-of-01000#11,training_tfexample.tfrecord-00008-of-01000,11,False,2,17,success,True,False,,False,,"{""OK"": 17, ""INVALID_REFERENCE"": 0, ""PLANNER_INFEASIBLE"": 0, ""COLLISION_BLOCKED"": 0, ""CONTROLLER_FAILURE"": 0}",0,0,False,True,False,False,11.555828785989434
MAN_0136,train,training_tfexample.tfrecord-00008-of-01000#15,training_tfexample.tfrecord-00008-of-01000,15,False,2,82,truncation_horizon,False,True,,False,,"{""OK"": 0, ""INVALID_REFERENCE"": 0, ""PLANNER_INFEASIBLE"": 70, ""COLLISION_BLOCKED"": 12, ""CONTROLLER_FAILURE"": 0}",0,0,False,False,False,False,39.94269496499328
MAN_0137,train,training_tfexample.tfrecord-00008-of-01000#45,training_tfexample.tfrecord-00008-of-01000,45,False,2,24,failure_collision,True,False,,False,,"{""OK"": 0, ""INVALID_REFERENCE"": 0, ""PLANNER_INFEASIBLE"": 11, ""COLLISION_BLOCKED"": 13, ""CONTROLLER_FAILURE"": 0}",0,0,False,False,True,False,11.160944411996752
MAN_0138,train,training_tfexample.tfrecord-00008-of-01000#130,training_tfexample.tfrecord-00008-of-01000,130,False,2,23,failure_collision,True,False,,False,,"{""OK"": 0, ""INVALID_REFERENCE"": 0, ""PLANNER_INFEASIBLE"": 9, ""COLLISION_BLOCKED"": 14, ""CONTROLLER_FAILURE"": 0}",0,0,False,False,True,False,11.776741914974991
MAN_0141,train,training_tfexample.tfrecord-00008-of-01000#229,training_tfexample.tfrecord-00008-of-01000,229,False,2,23,success,True,False,,False,,"{""OK"": 23, ""INVALID_REFERENCE"": 0, ""PLANNER_INFEASIBLE"": 0, ""COLLISION_BLOCKED"": 0, ""CONTROLLER_FAILURE"": 0}",0,0,False,True,False,False,17.454574650968425
MAN_0144,train,training_tfexample.tfrecord-00008-of-01000#304,training_tfexample.tfrecord-00008-of-01000,304,False,2,87,truncation_horizon,False,True,,False,,"{""OK"": 0, ""INVALID_REFERENCE"": 0, ""PLANNER_INFEASIBLE"": 87, ""COLLISION_BLOCKED"": 0, ""CONTROLLER_FAILURE"": 0}",0,0,False,False,False,False,43.109108682954684
MAN_0148,train,training_tfexample.tfrecord-00008-of-01000#400,training_tfexample.tfrecord-00008-of-01000,400,False,2,21,success,True,False,,False,,"{""OK"": 21, ""INVALID_REFERENCE"": 0, ""PLANNER_INFEASIBLE"": 0, ""COLLISION_BLOCKED"": 0, ""CONTROLLER_FAILURE"": 0}",0,0,False,True,False,False,17.28436867997516
MAN_0149,train,training_tfexample.tfrecord-00008-of-01000#422,training_tfexample.tfrecord-00008-of-01000,422,False,2,90,truncation_horizon,False,True,,False,,"{""OK"": 0, ""INVALID_REFERENCE"": 0, ""PLANNER_INFEASIBLE"": 83, ""COLLISION_BLOCKED"": 7, ""CONTROLLER_FAILURE"": 0}",0,0,False,False,False,False,46.14989882404916
MAN_0150,train,training_tfexample.tfrecord-00008-of-01000#430,training_tfexample.tfrecord-00008-of-01000,430,False,2,16,success,True,False,,False,,"{""OK"": 16, ""INVALID_REFERENCE"": 0, ""PLANNER_INFEASIBLE"": 0, ""COLLISION_BLOCKED"": 0, ""CONTROLLER_FAILURE"": 0}",0,0,False,True,False,False,14.762735682015773
MAN_0154,train,training_tfexample.tfrecord-00009-of-01000#178,training_tfexample.tfrecord-00009-of-01000,178,False,2,25,failure_collision,True,False,,False,,"{""OK"": 0, ""INVALID_REFERENCE"": 0, ""PLANNER_INFEASIBLE"": 24, ""COLLISION_BLOCKED"": 1, ""CONTROLLER_FAILURE"": 0}",0,0,False,False,True,False,12.727815605991054
MAN_0156,train,training_tfexample.tfrecord-00009-of-01000#220,training_tfexample.tfrecord-00009-of-01000,220,False,2,16,success,True,False,,False,,"{""OK"": 16, ""INVALID_REFERENCE"": 0, ""PLANNER_INFEASIBLE"": 0, ""COLLISION_BLOCKED"": 0, ""CONTROLLER_FAILURE"": 0}",0,0,False,True,False,False,12.955482422024943
MAN_0157,train,training_tfexample.tfrecord-00009-of-01000#223,training_tfexample.tfrecord-00009-of-01000,223,False,2,27,failure_collision,True,False,,False,,"{""OK"": 0, ""INVALID_REFERENCE"": 0, ""PLANNER_INFEASIBLE"": 27, ""COLLISION_BLOCKED"": 0, ""CONTROLLER_FAILURE"": 0}",0,0,False,False,True,False,13.568431193009019
MAN_0158,train,training_tfexample.tfrecord-00009-of-01000#228,training_tfexample.tfrecord-00009-of-01000,228,False,2,9,failure_offroad,True,False,,False,,"{""OK"": 5, ""INVALID_REFERENCE"": 0, ""PLANNER_INFEASIBLE"": 4, ""COLLISION_BLOCKED"": 0, ""CONTROLLER_FAILURE"": 0}",0,0,False,False,False,True,7.45430113497423
MAN_0160,train,training_tfexample.tfrecord-00009-of-01000#267,training_tfexample.tfrecord-00009-of-01000,267,False,2,64,failure_collision,True,False,,False,,"{""OK"": 14, ""INVALID_REFERENCE"": 0, ""PLANNER_INFEASIBLE"": 35, ""COLLISION_BLOCKED"": 15, ""CONTROLLER_FAILURE"": 0}",0,0,False,False,True,False,39.229992759996094
MAN_0161,train,training_tfexample.tfrecord-00009-of-01000#302,training_tfexample.tfrecord-00009-of-01000,302,True,3,23,success,True,False,,False,,"{""OK"": 23, ""INVALID_REFERENCE"": 0, ""PLANNER_INFEASIBLE"": 0, ""COLLISION_BLOCKED"": 0, ""CONTROLLER_FAILURE"": 0}",1,1,False,True,False,False,18.44009988801554
MAN_0162,train,training_tfexample.tfrecord-00009-of-01000#321,training_tfexample.tfrecord-00009-of-01000,321,False,2,58,success,True,False,,False,,"{""OK"": 58, ""INVALID_REFERENCE"": 0, ""PLANNER_INFEASIBLE"": 0, ""COLLISION_BLOCKED"": 0, ""CONTROLLER_FAILURE"": 0}",0,0,False,True,False,False,42.54372328903992
MAN_0163,train,training_tfexample.tfrecord-00009-of-01000#358,training_tfexample.tfrecord-00009-of-01000,358,False,2,24,success,True,False,,False,,"{""OK"": 16, ""INVALID_REFERENCE"": 0, ""PLANNER_INFEASIBLE"": 0, ""COLLISION_BLOCKED"": 8, ""CONTROLLER_FAILURE"": 0}",0,0,False,True,False,False,17.09772120701382
MAN_0165,train,training_tfexample.tfrecord-00009-of-01000#373,training_tfexample.tfrecord-00009-of-01000,373,False,2,26,failure_collision,True,False,,False,,"{""OK"": 0, ""INVALID_REFERENCE"": 0, ""PLANNER_INFEASIBLE"": 24, ""COLLISION_BLOCKED"": 2, ""CONTROLLER_FAILURE"": 0}",0,0,False,False,True,False,15.798463908024132
MAN_0167,train,training_tfexample.tfrecord-00009-of-01000#407,training_tfexample.tfrecord-00009-of-01000,407,False,2,47,success,True,False,,False,,"{""OK"": 47, ""INVALID_REFERENCE"": 0, ""PLANNER_INFEASIBLE"": 0, ""COLLISION_BLOCKED"": 0, ""CONTROLLER_FAILURE"": 0}",0,0,False,True,False,False,37.36778981500538
MAN_0168,train,training_tfexample.tfrecord-00009-of-01000#436,training_tfexample.tfrecord-00009-of-01000,436,False,2,15,success,True,False,,False,,"{""OK"": 15, ""INVALID_REFERENCE"": 0, ""PLANNER_INFEASIBLE"": 0, ""COLLISION_BLOCKED"": 0, ""CONTROLLER_FAILURE"": 0}",0,0,False,True,False,False,14.825519407982938
MAN_0008,validation,training_tfexample.tfrecord-00000-of-01000#103,training_tfexample.tfrecord-00000-of-01000,103,False,2,16,success,True,False,,False,,"{""OK"": 10, ""INVALID_REFERENCE"": 0, ""PLANNER_INFEASIBLE"": 0, ""COLLISION_BLOCKED"": 6, ""CONTROLLER_FAILURE"": 0}",0,0,False,True,False,False,10.828193182998803
MAN_0009,validation,training_tfexample.tfrecord-00000-of-01000#119,training_tfexample.tfrecord-00000-of-01000,119,False,2,20,success,True,False,,False,,"{""OK"": 20, ""INVALID_REFERENCE"": 0, ""PLANNER_INFEASIBLE"": 0, ""COLLISION_BLOCKED"": 0, ""CONTROLLER_FAILURE"": 0}",0,0,False,True,False,False,15.05177293997258
MAN_0011,validation,training_tfexample.tfrecord-00000-of-01000#147,training_tfexample.tfrecord-00000-of-01000,147,False,2,45,truncation_horizon,False,True,,False,,"{""OK"": 0, ""INVALID_REFERENCE"": 0, ""PLANNER_INFEASIBLE"": 45, ""COLLISION_BLOCKED"": 0, ""CONTROLLER_FAILURE"": 0}",0,0,False,False,False,False,21.40672948700376
MAN_0012,validation,training_tfexample.tfrecord-00000-of-01000#169,training_tfexample.tfrecord-00000-of-01000,169,False,2,14,success,True,False,,False,,"{""OK"": 14, ""INVALID_REFERENCE"": 0, ""PLANNER_INFEASIBLE"": 0, ""COLLISION_BLOCKED"": 0, ""CONTROLLER_FAILURE"": 0}",0,0,False,True,False,False,10.701570642995648
MAN_0014,validation,training_tfexample.tfrecord-00000-of-01000#290,training_tfexample.tfrecord-00000-of-01000,290,False,2,64,success,True,False,,False,,"{""OK"": 60, ""INVALID_REFERENCE"": 0, ""PLANNER_INFEASIBLE"": 0, ""COLLISION_BLOCKED"": 4, ""CONTROLLER_FAILURE"": 0}",0,0,False,True,False,False,54.94658086198615
MAN_0017,validation,training_tfexample.tfrecord-00001-of-01000#80,training_tfexample.tfrecord-00001-of-01000,80,False,2,26,success,True,False,,False,,"{""OK"": 26, ""INVALID_REFERENCE"": 0, ""PLANNER_INFEASIBLE"": 0, ""COLLISION_BLOCKED"": 0, ""CONTROLLER_FAILURE"": 0}",0,0,False,True,False,False,17.66797291301191
MAN_0019,validation,training_tfexample.tfrecord-00001-of-01000#124,training_tfexample.tfrecord-00001-of-01000,124,False,2,11,success,True,False,,False,,"{""OK"": 3, ""INVALID_REFERENCE"": 0, ""PLANNER_INFEASIBLE"": 0, ""COLLISION_BLOCKED"": 8, ""CONTROLLER_FAILURE"": 0}",0,0,False,True,False,False,6.915159496013075
MAN_0021,validation,training_tfexample.tfrecord-00001-of-01000#214,training_tfexample.tfrecord-00001-of-01000,214,False,2,18,success,True,False,,False,,"{""OK"": 18, ""INVALID_REFERENCE"": 0, ""PLANNER_INFEASIBLE"": 0, ""COLLISION_BLOCKED"": 0, ""CONTROLLER_FAILURE"": 0}",0,0,False,True,False,False,14.483555050974246
MAN_0024,validation,training_tfexample.tfrecord-00001-of-01000#346,training_tfexample.tfrecord-00001-of-01000,346,False,2,11,success,True,False,,False,,"{""OK"": 11, ""INVALID_REFERENCE"": 0, ""PLANNER_INFEASIBLE"": 0, ""COLLISION_BLOCKED"": 0, ""CONTROLLER_FAILURE"": 0}",0,0,False,True,False,False,10.531732299015857
MAN_0027,validation,training_tfexample.tfrecord-00002-of-01000#70,training_tfexample.tfrecord-00002-of-01000,70,False,2,21,success,True,False,,False,,"{""OK"": 7, ""INVALID_REFERENCE"": 0, ""PLANNER_INFEASIBLE"": 0, ""COLLISION_BLOCKED"": 14, ""CONTROLLER_FAILURE"": 0}",0,0,False,True,False,False,11.73615334002534
MAN_0029,validation,training_tfexample.tfrecord-00002-of-01000#182,training_tfexample.tfrecord-00002-of-01000,182,False,2,20,failure_collision,True,False,,False,,"{""OK"": 0, ""INVALID_REFERENCE"": 0, ""PLANNER_INFEASIBLE"": 20, ""COLLISION_BLOCKED"": 0, ""CONTROLLER_FAILURE"": 0}",0,0,False,False,True,False,10.817288232035935
MAN_0030,validation,training_tfexample.tfrecord-00002-of-01000#285,training_tfexample.tfrecord-00002-of-01000,285,False,2,27,success,True,False,,False,,"{""OK"": 27, ""INVALID_REFERENCE"": 0, ""PLANNER_INFEASIBLE"": 0, ""COLLISION_BLOCKED"": 0, ""CONTROLLER_FAILURE"": 0}",0,0,False,True,False,False,23.15624745003879
MAN_0031,validation,training_tfexample.tfrecord-00002-of-01000#302,training_tfexample.tfrecord-00002-of-01000,302,False,2,25,failure_collision,True,False,,False,,"{""OK"": 0, ""INVALID_REFERENCE"": 0, ""PLANNER_INFEASIBLE"": 25, ""COLLISION_BLOCKED"": 0, ""CONTROLLER_FAILURE"": 0}",0,0,False,False,True,False,13.623521106026601
MAN_0032,validation,training_tfexample.tfrecord-00002-of-01000#308,training_tfexample.tfrecord-00002-of-01000,308,False,2,32,truncation_horizon,False,True,,False,,"{""OK"": 0, ""INVALID_REFERENCE"": 0, ""PLANNER_INFEASIBLE"": 32, ""COLLISION_BLOCKED"": 0, ""CONTROLLER_FAILURE"": 0}",0,0,False,False,False,False,18.23901553999167
MAN_0034,validation,training_tfexample.tfrecord-00002-of-01000#380,training_tfexample.tfrecord-00002-of-01000,380,False,2,29,failure_offroad,True,False,,False,,"{""OK"": 15, ""INVALID_REFERENCE"": 0, ""PLANNER_INFEASIBLE"": 14, ""COLLISION_BLOCKED"": 0, ""CONTROLLER_FAILURE"": 0}",0,0,False,False,False,True,20.495183473045472
MAN_0039,validation,training_tfexample.tfrecord-00003-of-01000#124,training_tfexample.tfrecord-00003-of-01000,124,False,2,10,success,True,False,,False,,"{""OK"": 8, ""INVALID_REFERENCE"": 0, ""PLANNER_INFEASIBLE"": 0, ""COLLISION_BLOCKED"": 2, ""CONTROLLER_FAILURE"": 0}",0,0,False,True,False,False,7.648108643013984
MAN_0040,validation,training_tfexample.tfrecord-00003-of-01000#124,training_tfexample.tfrecord-00003-of-01000,124,False,2,20,success,True,False,,False,,"{""OK"": 20, ""INVALID_REFERENCE"": 0, ""PLANNER_INFEASIBLE"": 0, ""COLLISION_BLOCKED"": 0, ""CONTROLLER_FAILURE"": 0}",0,0,False,True,False,False,15.101088642026298
MAN_0041,validation,training_tfexample.tfrecord-00003-of-01000#216,training_tfexample.tfrecord-00003-of-01000,216,True,3,60,success,True,False,,False,,"{""OK"": 60, ""INVALID_REFERENCE"": 0, ""PLANNER_INFEASIBLE"": 0, ""COLLISION_BLOCKED"": 0, ""CONTROLLER_FAILURE"": 0}",1,1,False,True,False,False,45.4121643009712
MAN_0048,validation,training_tfexample.tfrecord-00003-of-01000#345,training_tfexample.tfrecord-00003-of-01000,345,False,2,17,failure_collision,True,False,,False,,"{""OK"": 0, ""INVALID_REFERENCE"": 0, ""PLANNER_INFEASIBLE"": 15, ""COLLISION_BLOCKED"": 2, ""CONTROLLER_FAILURE"": 0}",0,0,False,False,True,False,10.855985030008014
MAN_0053,validation,training_tfexample.tfrecord-00003-of-01000#474,training_tfexample.tfrecord-00003-of-01000,474,False,2,28,success,True,False,,False,,"{""OK"": 28, ""INVALID_REFERENCE"": 0, ""PLANNER_INFEASIBLE"": 0, ""COLLISION_BLOCKED"": 0, ""CONTROLLER_FAILURE"": 0}",0,0,False,True,False,False,22.738987963006366
MAN_0060,validation,training_tfexample.tfrecord-00004-of-01000#156,training_tfexample.tfrecord-00004-of-01000,156,False,2,27,failure_collision,True,False,,False,,"{""OK"": 0, ""INVALID_REFERENCE"": 0, ""PLANNER_INFEASIBLE"": 20, ""COLLISION_BLOCKED"": 7, ""CONTROLLER_FAILURE"": 0}",0,0,False,False,True,False,13.282724000979215
MAN_0061,validation,training_tfexample.tfrecord-00004-of-01000#163,training_tfexample.tfrecord-00004-of-01000,163,False,2,75,truncation_horizon,False,True,,False,,"{""OK"": 0, ""INVALID_REFERENCE"": 0, ""PLANNER_INFEASIBLE"": 73, ""COLLISION_BLOCKED"": 2, ""CONTROLLER_FAILURE"": 0}",0,0,False,False,False,False,35.51258582097944
MAN_0072,validation,training_tfexample.tfrecord-00004-of-01000#293,training_tfexample.tfrecord-00004-of-01000,293,False,2,25,success,True,False,,False,,"{""OK"": 17, ""INVALID_REFERENCE"": 0, ""PLANNER_INFEASIBLE"": 0, ""COLLISION_BLOCKED"": 8, ""CONTROLLER_FAILURE"": 0}",0,0,False,True,False,False,17.60634110303363
MAN_0075,validation,training_tfexample.tfrecord-00004-of-01000#329,training_tfexample.tfrecord-00004-of-01000,329,False,2,20,success,True,False,,False,,"{""OK"": 10, ""INVALID_REFERENCE"": 0, ""PLANNER_INFEASIBLE"": 0, ""COLLISION_BLOCKED"": 10, ""CONTROLLER_FAILURE"": 0}",0,0,False,True,False,False,14.929456753015984
MAN_0087,validation,training_tfexample.tfrecord-00005-of-01000#159,training_tfexample.tfrecord-00005-of-01000,159,False,2,37,failure_collision,True,False,,False,,"{""OK"": 0, ""INVALID_REFERENCE"": 0, ""PLANNER_INFEASIBLE"": 34, ""COLLISION_BLOCKED"": 3, ""CONTROLLER_FAILURE"": 0}",0,0,False,False,True,False,18.014059964043554
MAN_0088,validation,training_tfexample.tfrecord-00005-of-01000#167,training_tfexample.tfrecord-00005-of-01000,167,False,2,18,success,True,False,,False,,"{""OK"": 0, ""INVALID_REFERENCE"": 0, ""PLANNER_INFEASIBLE"": 0, ""COLLISION_BLOCKED"": 18, ""CONTROLLER_FAILURE"": 0}",0,0,False,True,False,False,10.739245543023571
MAN_0090,validation,training_tfexample.tfrecord-00005-of-01000#187,training_tfexample.tfrecord-00005-of-01000,187,False,2,16,failure_collision,True,False,,False,,"{""OK"": 0, ""INVALID_REFERENCE"": 0, ""PLANNER_INFEASIBLE"": 15, ""COLLISION_BLOCKED"": 1, ""CONTROLLER_FAILURE"": 0}",0,0,False,False,True,False,9.047627169988118
MAN_0092,validation,training_tfexample.tfrecord-00005-of-01000#266,training_tfexample.tfrecord-00005-of-01000,266,False,2,19,success,True,False,,False,,"{""OK"": 19, ""INVALID_REFERENCE"": 0, ""PLANNER_INFEASIBLE"": 0, ""COLLISION_BLOCKED"": 0, ""CONTROLLER_FAILURE"": 0}",0,0,False,True,False,False,14.731773946958128
MAN_0094,validation,training_tfexample.tfrecord-00006-of-01000#5,training_tfexample.tfrecord-00006-of-01000,5,False,2,14,success,True,False,,False,,"{""OK"": 9, ""INVALID_REFERENCE"": 0, ""PLANNER_INFEASIBLE"": 0, ""COLLISION_BLOCKED"": 5, ""CONTROLLER_FAILURE"": 0}",0,0,False,True,False,False,8.831586917978711
MAN_0097,validation,training_tfexample.tfrecord-00006-of-01000#35,training_tfexample.tfrecord-00006-of-01000,35,False,2,24,success,True,False,,False,,"{""OK"": 14, ""INVALID_REFERENCE"": 0, ""PLANNER_INFEASIBLE"": 0, ""COLLISION_BLOCKED"": 10, ""CONTROLLER_FAILURE"": 0}",0,0,False,True,False,False,13.852245678019244
MAN_0098,validation,training_tfexample.tfrecord-00006-of-01000#65,training_tfexample.tfrecord-00006-of-01000,65,False,2,52,success,True,False,,False,,"{""OK"": 52, ""INVALID_REFERENCE"": 0, ""PLANNER_INFEASIBLE"": 0, ""COLLISION_BLOCKED"": 0, ""CONTROLLER_FAILURE"": 0}",0,0,False,True,False,False,39.75687118596397
MAN_0099,validation,training_tfexample.tfrecord-00006-of-01000#185,training_tfexample.tfrecord-00006-of-01000,185,False,2,52,failure_collision,True,False,,False,,"{""OK"": 33, ""INVALID_REFERENCE"": 0, ""PLANNER_INFEASIBLE"": 6, ""COLLISION_BLOCKED"": 13, ""CONTROLLER_FAILURE"": 0}",0,0,False,False,True,False,36.084051079000346
MAN_0100,validation,training_tfexample.tfrecord-00006-of-01000#189,training_tfexample.tfrecord-00006-of-01000,189,False,2,40,truncation_horizon,False,True,,False,,"{""OK"": 37, ""INVALID_REFERENCE"": 0, ""PLANNER_INFEASIBLE"": 0, ""COLLISION_BLOCKED"": 3, ""CONTROLLER_FAILURE"": 0}",0,0,False,False,False,False,26.84584301803261
MAN_0101,validation,training_tfexample.tfrecord-00006-of-01000#229,training_tfexample.tfrecord-00006-of-01000,229,False,2,18,success,True,False,,False,,"{""OK"": 18, ""INVALID_REFERENCE"": 0, ""PLANNER_INFEASIBLE"": 0, ""COLLISION_BLOCKED"": 0, ""CONTROLLER_FAILURE"": 0}",0,0,False,True,False,False,13.54263770597754
MAN_0102,validation,training_tfexample.tfrecord-00006-of-01000#229,training_tfexample.tfrecord-00006-of-01000,229,False,2,22,success,True,False,,False,,"{""OK"": 22, ""INVALID_REFERENCE"": 0, ""PLANNER_INFEASIBLE"": 0, ""COLLISION_BLOCKED"": 0, ""CONTROLLER_FAILURE"": 0}",0,0,False,True,False,False,16.92549486696953
MAN_0104,validation,training_tfexample.tfrecord-00006-of-01000#239,training_tfexample.tfrecord-00006-of-01000,239,False,2,23,failure_collision,True,False,,False,,"{""OK"": 0, ""INVALID_REFERENCE"": 0, ""PLANNER_INFEASIBLE"": 15, ""COLLISION_BLOCKED"": 8, ""CONTROLLER_FAILURE"": 0}",0,0,False,False,True,False,12.57610998902237
MAN_0105,validation,training_tfexample.tfrecord-00006-of-01000#239,training_tfexample.tfrecord-00006-of-01000,239,False,2,29,failure_collision,True,False,,False,,"{""OK"": 0, ""INVALID_REFERENCE"": 0, ""PLANNER_INFEASIBLE"": 29, ""COLLISION_BLOCKED"": 0, ""CONTROLLER_FAILURE"": 0}",0,0,False,False,True,False,14.61143195600016
MAN_0108,validation,training_tfexample.tfrecord-00006-of-01000#332,training_tfexample.tfrecord-00006-of-01000,332,False,2,58,success,True,False,,False,,"{""OK"": 43, ""INVALID_REFERENCE"": 0, ""PLANNER_INFEASIBLE"": 0, ""COLLISION_BLOCKED"": 15, ""CONTROLLER_FAILURE"": 0}",0,0,False,True,False,False,45.56207155203447
MAN_0112,validation,training_tfexample.tfrecord-00006-of-01000#404,training_tfexample.tfrecord-00006-of-01000,404,False,2,19,failure_collision,True,False,,False,,"{""OK"": 0, ""INVALID_REFERENCE"": 0, ""PLANNER_INFEASIBLE"": 19, ""COLLISION_BLOCKED"": 0, ""CONTROLLER_FAILURE"": 0}",0,0,False,False,True,False,12.09301377099473
MAN_0113,validation,training_tfexample.tfrecord-00006-of-01000#455,training_tfexample.tfrecord-00006-of-01000,455,False,2,34,failure_collision,True,False,,False,,"{""OK"": 0, ""INVALID_REFERENCE"": 0, ""PLANNER_INFEASIBLE"": 30, ""COLLISION_BLOCKED"": 4, ""CONTROLLER_FAILURE"": 0}",0,0,False,False,True,False,18.837645173014607
MAN_0116,validation,training_tfexample.tfrecord-00006-of-01000#489,training_tfexample.tfrecord-00006-of-01000,489,False,2,15,success,True,False,,False,,"{""OK"": 15, ""INVALID_REFERENCE"": 0, ""PLANNER_INFEASIBLE"": 0, ""COLLISION_BLOCKED"": 0, ""CONTROLLER_FAILURE"": 0}",0,0,False,True,False,False,15.372188228007872
MAN_0120,validation,training_tfexample.tfrecord-00007-of-01000#95,training_tfexample.tfrecord-00007-of-01000,95,False,2,22,success,True,False,,False,,"{""OK"": 22, ""INVALID_REFERENCE"": 0, ""PLANNER_INFEASIBLE"": 0, ""COLLISION_BLOCKED"": 0, ""CONTROLLER_FAILURE"": 0}",0,0,False,True,False,False,15.657272156036925
MAN_0122,validation,training_tfexample.tfrecord-00007-of-01000#100,training_tfexample.tfrecord-00007-of-01000,100,False,2,20,success,True,False,,False,,"{""OK"": 20, ""INVALID_REFERENCE"": 0, ""PLANNER_INFEASIBLE"": 0, ""COLLISION_BLOCKED"": 0, ""CONTROLLER_FAILURE"": 0}",0,0,False,True,False,False,14.754096574964933
MAN_0132,validation,training_tfexample.tfrecord-00007-of-01000#371,training_tfexample.tfrecord-00007-of-01000,371,False,2,16,success,True,False,,False,,"{""OK"": 16, ""INVALID_REFERENCE"": 0, ""PLANNER_INFEASIBLE"": 0, ""COLLISION_BLOCKED"": 0, ""CONTROLLER_FAILURE"": 0}",0,0,False,True,False,False,14.50094059103867
MAN_0139,validation,training_tfexample.tfrecord-00008-of-01000#166,training_tfexample.tfrecord-00008-of-01000,166,False,2,26,failure_collision,True,False,,False,,"{""OK"": 0, ""INVALID_REFERENCE"": 0, ""PLANNER_INFEASIBLE"": 0, ""COLLISION_BLOCKED"": 26, ""CONTROLLER_FAILURE"": 0}",0,0,False,False,True,False,13.774643304001074
MAN_0140,validation,training_tfexample.tfrecord-00008-of-01000#180,training_tfexample.tfrecord-00008-of-01000,180,False,2,27,truncation_horizon,False,True,,False,,"{""OK"": 21, ""INVALID_REFERENCE"": 0, ""PLANNER_INFEASIBLE"": 0, ""COLLISION_BLOCKED"": 6, ""CONTROLLER_FAILURE"": 0}",0,0,False,False,False,False,18.28976140700979
MAN_0142,validation,training_tfexample.tfrecord-00008-of-01000#278,training_tfexample.tfrecord-00008-of-01000,278,False,2,14,success,True,False,,False,,"{""OK"": 14, ""INVALID_REFERENCE"": 0, ""PLANNER_INFEASIBLE"": 0, ""COLLISION_BLOCKED"": 0, ""CONTROLLER_FAILURE"": 0}",0,0,False,True,False,False,12.524479834013619
MAN_0143,validation,training_tfexample.tfrecord-00008-of-01000#278,training_tfexample.tfrecord-00008-of-01000,278,False,2,20,success,True,False,,False,,"{""OK"": 0, ""INVALID_REFERENCE"": 0, ""PLANNER_INFEASIBLE"": 0, ""COLLISION_BLOCKED"": 20, ""CONTROLLER_FAILURE"": 0}",0,0,False,True,False,False,12.907831077987794
MAN_0145,validation,training_tfexample.tfrecord-00008-of-01000#312,training_tfexample.tfrecord-00008-of-01000,312,False,2,17,failure_collision,True,False,,False,,"{""OK"": 0, ""INVALID_REFERENCE"": 0, ""PLANNER_INFEASIBLE"": 17, ""COLLISION_BLOCKED"": 0, ""CONTROLLER_FAILURE"": 0}",0,0,False,False,True,False,10.51736187201459
MAN_0146,validation,training_tfexample.tfrecord-00008-of-01000#322,training_tfexample.tfrecord-00008-of-01000,322,False,2,44,failure_collision,True,False,,False,,"{""OK"": 41, ""INVALID_REFERENCE"": 0, ""PLANNER_INFEASIBLE"": 0, ""COLLISION_BLOCKED"": 3, ""CONTROLLER_FAILURE"": 0}",0,0,False,False,True,False,30.7621997440001
MAN_0147,validation,training_tfexample.tfrecord-00008-of-01000#347,training_tfexample.tfrecord-00008-of-01000,347,False,2,18,success,True,False,,False,,"{""OK"": 17, ""INVALID_REFERENCE"": 0, ""PLANNER_INFEASIBLE"": 0, ""COLLISION_BLOCKED"": 1, ""CONTROLLER_FAILURE"": 0}",0,0,False,True,False,False,14.976707046036609
MAN_0151,validation,training_tfexample.tfrecord-00009-of-01000#39,training_tfexample.tfrecord-00009-of-01000,39,False,2,46,failure_collision,True,False,,False,,"{""OK"": 0, ""INVALID_REFERENCE"": 0, ""PLANNER_INFEASIBLE"": 38, ""COLLISION_BLOCKED"": 8, ""CONTROLLER_FAILURE"": 0}",0,0,False,False,True,False,20.477230087970383
MAN_0152,validation,training_tfexample.tfrecord-00009-of-01000#39,training_tfexample.tfrecord-00009-of-01000,39,False,2,20,failure_collision,True,False,,False,,"{""OK"": 0, ""INVALID_REFERENCE"": 0, ""PLANNER_INFEASIBLE"": 20, ""COLLISION_BLOCKED"": 0, ""CONTROLLER_FAILURE"": 0}",0,0,False,False,True,False,9.176882326952182
MAN_0153,validation,training_tfexample.tfrecord-00009-of-01000#40,training_tfexample.tfrecord-00009-of-01000,40,False,2,16,success,True,False,,False,,"{""OK"": 16, ""INVALID_REFERENCE"": 0, ""PLANNER_INFEASIBLE"": 0, ""COLLISION_BLOCKED"": 0, ""CONTROLLER_FAILURE"": 0}",0,0,False,True,False,False,11.682927115994971
MAN_0155,validation,training_tfexample.tfrecord-00009-of-01000#204,training_tfexample.tfrecord-00009-of-01000,204,False,2,18,failure_collision,True,False,,False,,"{""OK"": 0, ""INVALID_REFERENCE"": 0, ""PLANNER_INFEASIBLE"": 18, ""COLLISION_BLOCKED"": 0, ""CONTROLLER_FAILURE"": 0}",0,0,False,False,True,False,10.09213612700114
MAN_0159,validation,training_tfexample.tfrecord-00009-of-01000#229,training_tfexample.tfrecord-00009-of-01000,229,False,2,24,failure_collision,True,False,,False,,"{""OK"": 0, ""INVALID_REFERENCE"": 0, ""PLANNER_INFEASIBLE"": 24, ""COLLISION_BLOCKED"": 0, ""CONTROLLER_FAILURE"": 0}",0,0,False,False,True,False,12.781864625983872
MAN_0164,validation,training_tfexample.tfrecord-00009-of-01000#364,training_tfexample.tfrecord-00009-of-01000,364,False,2,53,failure_collision,True,False,,False,,"{""OK"": 5, ""INVALID_REFERENCE"": 0, ""PLANNER_INFEASIBLE"": 29, ""COLLISION_BLOCKED"": 19, ""CONTROLLER_FAILURE"": 0}",0,0,False,False,True,False,29.841520807007328
MAN_0166,validation,training_tfexample.tfrecord-00009-of-01000#379,training_tfexample.tfrecord-00009-of-01000,379,False,2,11,success,True,False,,False,,"{""OK"": 11, ""INVALID_REFERENCE"": 0, ""PLANNER_INFEASIBLE"": 0, ""COLLISION_BLOCKED"": 0, ""CONTROLLER_FAILURE"": 0}",0,0,False,True,False,False,11.103092129982542
