maneuver_id,early_outcome,final_outcome,transition
training_tfexample.tfrecord-00000-of-01000#117__t75__132_394,timeout,timeout,unchanged
training_tfexample.tfrecord-00000-of-01000#157__t28__290_340,collision,success,improved_to_success
training_tfexample.tfrecord-00000-of-01000#188__t75__498_500,collision,collision,unchanged
training_tfexample.tfrecord-00000-of-01000#378__t18__237_456,success,success,unchanged
training_tfexample.tfrecord-00000-of-01000#39__t55__264_297,collision,collision,unchanged
training_tfexample.tfrecord-00000-of-01000#454__t29__633_650,success,success,unchanged
training_tfexample.tfrecord-00001-of-01000#175__t63__488_758,success,success,unchanged
training_tfexample.tfrecord-00001-of-01000#188__t43__365_348,collision,collision,unchanged
training_tfexample.tfrecord-00001-of-01000#211__t79__119_111,timeout,timeout,unchanged
training_tfexample.tfrecord-00001-of-01000#230__t16__92_163,success,success,unchanged
training_tfexample.tfrecord-00001-of-01000#31__t71__372_308,collision,collision,unchanged
training_tfexample.tfrecord-00001-of-01000#351__t10__371_368,timeout,success,improved_to_success
training_tfexample.tfrecord-00001-of-01000#354__t10__135_182,collision,success,improved_to_success
training_tfexample.tfrecord-00001-of-01000#384__t25__371_360,collision,collision,unchanged
training_tfexample.tfrecord-00001-of-01000#429__t63__188_200,offroad,timeout,changed_failure_mode
training_tfexample.tfrecord-00002-of-01000#103__t47__61_62,collision,collision,unchanged
training_tfexample.tfrecord-00002-of-01000#221__t69__979_961,timeout,timeout,unchanged
training_tfexample.tfrecord-00002-of-01000#239__t61__132_161,collision,offroad,changed_failure_mode
training_tfexample.tfrecord-00002-of-01000#28__t52__705_724,success,success,unchanged
training_tfexample.tfrecord-00002-of-01000#42__t59__601_587,collision,collision,unchanged
training_tfexample.tfrecord-00002-of-01000#481__t37__651_444,collision,collision,unchanged
training_tfexample.tfrecord-00002-of-01000#500__t88__419_388,offroad,offroad,unchanged
training_tfexample.tfrecord-00002-of-01000#78__t67__67_76,timeout,timeout,unchanged
training_tfexample.tfrecord-00003-of-01000#109__t46__162_166,timeout,timeout,unchanged
training_tfexample.tfrecord-00003-of-01000#135__t67__332_334,collision,collision,unchanged
training_tfexample.tfrecord-00003-of-01000#150__t46__162_345,timeout,timeout,unchanged
training_tfexample.tfrecord-00003-of-01000#18__t27__423_458,timeout,timeout,unchanged
training_tfexample.tfrecord-00003-of-01000#289__t55__716_731,timeout,success,improved_to_success
training_tfexample.tfrecord-00003-of-01000#366__t33__158_153,collision,collision,unchanged
training_tfexample.tfrecord-00003-of-01000#474__t89__127_134,timeout,timeout,unchanged
training_tfexample.tfrecord-00004-of-01000#125__t90__347_293,timeout,timeout,unchanged
training_tfexample.tfrecord-00004-of-01000#234__t37__744_758,success,success,unchanged
training_tfexample.tfrecord-00004-of-01000#417__t28__764_769,collision,collision,unchanged
training_tfexample.tfrecord-00004-of-01000#447__t39__933_910,collision,collision,unchanged
training_tfexample.tfrecord-00004-of-01000#55__t85__231_257,collision,collision,unchanged
training_tfexample.tfrecord-00004-of-01000#89__t33__380_300,timeout,success,improved_to_success
training_tfexample.tfrecord-00005-of-01000#236__t34__132_138,collision,collision,unchanged
training_tfexample.tfrecord-00005-of-01000#280__t89__838_832,timeout,timeout,unchanged
training_tfexample.tfrecord-00005-of-01000#313__t54__96_83,collision,collision,unchanged
training_tfexample.tfrecord-00005-of-01000#42__t66__613_641,success,success,unchanged
training_tfexample.tfrecord-00006-of-01000#10__t68__340_316,collision,collision,unchanged
training_tfexample.tfrecord-00006-of-01000#12__t58__187_302,collision,collision,unchanged
training_tfexample.tfrecord-00006-of-01000#149__t25__334_329,success,success,unchanged
training_tfexample.tfrecord-00006-of-01000#328__t73__96_98,timeout,timeout,unchanged
training_tfexample.tfrecord-00006-of-01000#420__t87__162_134,timeout,timeout,unchanged
training_tfexample.tfrecord-00006-of-01000#499__t76__145_222,collision,collision,unchanged
training_tfexample.tfrecord-00006-of-01000#88__t61__198_172,timeout,collision,changed_failure_mode
training_tfexample.tfrecord-00007-of-01000#157__t58__376_324,collision,collision,unchanged
training_tfexample.tfrecord-00007-of-01000#186__t61__239_362,collision,collision,unchanged
training_tfexample.tfrecord-00007-of-01000#195__t80__236_221,collision,collision,unchanged
training_tfexample.tfrecord-00007-of-01000#20__t43__256_253,collision,collision,unchanged
training_tfexample.tfrecord-00008-of-01000#16__t83__692_666,timeout,timeout,unchanged
training_tfexample.tfrecord-00008-of-01000#174__t57__201_224,collision,collision,unchanged
training_tfexample.tfrecord-00008-of-01000#246__t64__430_426,success,timeout,regressed_from_success
training_tfexample.tfrecord-00008-of-01000#296__t72__178_186,timeout,timeout,unchanged
training_tfexample.tfrecord-00008-of-01000#35__t78__114_106,timeout,offroad,changed_failure_mode
training_tfexample.tfrecord-00008-of-01000#411__t40__225_238,collision,collision,unchanged
training_tfexample.tfrecord-00008-of-01000#67__t34__396_387,collision,collision,unchanged
training_tfexample.tfrecord-00009-of-01000#271__t12__175_268,success,success,unchanged
training_tfexample.tfrecord-00009-of-01000#293__t37__338_293,success,success,unchanged
training_tfexample.tfrecord-00009-of-01000#337__t82__205_204,collision,collision,unchanged
training_tfexample.tfrecord-00009-of-01000#407__t30__678_681,timeout,success,improved_to_success
training_tfexample.tfrecord-00009-of-01000#47__t80__268_209,collision,collision,unchanged
training_tfexample.tfrecord-00009-of-01000#59__t18__221_257,timeout,timeout,unchanged
