step,ego_x,ego_y,frenet_d_target_frame,frenet_s_d_target_frame,downstream_status_after_step
0,159.16439819335938,-1123.8260498046875,-2.7147847896458135,3.263096279337877,OK
1,159.0928497314453,-1124.6815185546875,-2.0248990033451113,2.727058470191,OK
2,159.15423583984375,-1125.486083984375,-1.309600013078579,2.3809259674434093,PLANNER_INFEASIBLE
3,159.3209228515625,-1126.2188720703125,-0.6008435884884227,2.6842541179121095,PLANNER_INFEASIBLE
4,159.47430419921875,-1126.89306640625,0.0038281917700195007,3.03703834399386,PLANNER_INFEASIBLE
5,159.6143798828125,-1127.5087890625,0.5521699810356704,3.4141801578603124,PLANNER_INFEASIBLE
6,159.74114990234375,-1128.0660400390625,1.0484365201504562,3.7222859098396333,OK
7,159.85557556152344,-1128.5689697265625,1.447551193559622,3.376352371447716,PLANNER_INFEASIBLE
8,160.0255889892578,-1128.99658203125,1.8401028627457185,3.524088872618775,PLANNER_INFEASIBLE
9,160.17343139648438,-1129.368408203125,2.172271005884449,3.8574744715551383,PLANNER_INFEASIBLE
10,160.29910278320312,-1129.6845703125,2.425520353802512,3.6504108359236254,PLANNER_INFEASIBLE
11,160.40260314941406,-1129.9449462890625,2.6340874625735013,3.256692472859984,PLANNER_INFEASIBLE
12,160.48394775390625,-1130.1495361328125,2.7870745699210753,2.8448132128191563,PLANNER_INFEASIBLE
13,160.54312133789062,-1130.29833984375,2.8855678873076043,2.0406540100354356,PLANNER_INFEASIBLE
14,160.5801239013672,-1130.3914794921875,2.9471829950441637,1.132459490723993,PLANNER_INFEASIBLE
15,160.59495544433594,-1130.4288330078125,2.9718856933632556,0.08042138549473056,PLANNER_INFEASIBLE
16,160.58763122558594,-1130.410400390625,2.959690629969987,0.39426370711063746,PLANNER_INFEASIBLE
17,160.55813598632812,-1130.3363037109375,2.9106173569267857,0.07956808174961962,PLANNER_INFEASIBLE
18,160.54330444335938,-1130.299072265625,2.885948858375347,0.38919381011144044,PLANNER_INFEASIBLE
19,160.51380920410156,-1130.2249755859375,2.836875585332146,0.07852181364562433,PLANNER_INFEASIBLE
20,160.4989776611328,-1130.187744140625,2.812207086780644,0.3840186826113429,PLANNER_INFEASIBLE
21,160.469482421875,-1130.1136474609375,2.7631338137374697,0.07745431475746219,PLANNER_INFEASIBLE
22,160.45465087890625,-1130.076416015625,2.738465315186004,0.37873972386502175,PLANNER_INFEASIBLE
23,160.42515563964844,-1130.0023193359375,2.679817576915857,0.07042675865399364,PLANNER_INFEASIBLE
24,160.4103240966797,-1129.965087890625,2.64996576045853,0.34425787930690643,PLANNER_INFEASIBLE
25,160.38082885742188,-1129.8909912109375,2.5905754195630926,0.06936654458540222,PLANNER_INFEASIBLE
26,160.36599731445312,-1129.853759765625,2.560723603105638,0.33902548214516515,PLANNER_INFEASIBLE
27,160.3365020751953,-1129.7796630859375,2.5013332622102005,0.068291921674237,PLANNER_INFEASIBLE
28,160.32167053222656,-1129.742431640625,2.471481445752873,0.33372266249330396,PLANNER_INFEASIBLE
29,160.29217529296875,-1129.6683349609375,2.412091104857309,0.0672031131415399,PLANNER_INFEASIBLE
30,160.27734375,-1129.631103515625,2.3822392883999814,0.32835052185485003,PLANNER_INFEASIBLE
31,160.2478485107422,-1129.5570068359375,2.322848947504443,0.06610034515499491,PLANNER_INFEASIBLE
32,160.23301696777344,-1129.519775390625,2.292997131047115,0.3229101761327105,PLANNER_INFEASIBLE
33,160.20352172851562,-1129.4456787109375,2.2336067901516525,0.06498384678194874,PLANNER_INFEASIBLE
34,160.18869018554688,-1129.408447265625,2.2037549736943247,0.31740275539737595,PLANNER_INFEASIBLE
35,160.15919494628906,-1129.3343505859375,2.144364632798786,0.06385384994182854,PLANNER_INFEASIBLE
36,160.1443634033203,-1129.297119140625,2.114512816341433,0.3118294036521812,PLANNER_INFEASIBLE
37,160.1148681640625,-1129.2230224609375,2.047376401198116,0.05711114222210703,PLANNER_INFEASIBLE
38,160.10003662109375,-1129.185791015625,2.013174601194083,0.27898855947045004,PLANNER_INFEASIBLE
39,160.07054138183594,-1129.1116943359375,1.945124983906146,0.05614294820702133,PLANNER_INFEASIBLE
40,160.0557098388672,-1129.074462890625,1.9109231839022724,0.27421976633530754,PLANNER_INFEASIBLE
41,160.02621459960938,-1129.0003662109375,1.8428735666143352,0.05516733175837604,PLANNER_INFEASIBLE
42,160.01138305664062,-1128.963134765625,1.8086717666104617,0.26941471970687064,PLANNER_INFEASIBLE
43,159.9818878173828,-1128.8890380859375,1.7406221493225245,0.05418442185850102,PLANNER_INFEASIBLE
44,159.96705627441406,-1128.851806640625,1.7064203493185146,0.26457405484104346,PLANNER_INFEASIBLE
45,159.93756103515625,-1128.7777099609375,1.6383707320305774,0.05319434845396415,PLANNER_INFEASIBLE
46,159.9227294921875,-1128.740478515625,1.6041689320267039,0.25969841170267516,PLANNER_INFEASIBLE
47,159.8932342529297,-1128.6663818359375,1.5361193147387666,0.052197242438391384,PLANNER_INFEASIBLE
48,159.87840270996094,-1128.629150390625,1.5019175147348702,0.2547884348809508,PLANNER_INFEASIBLE
49,159.84890747070312,-1128.5550537109375,1.4338678974467967,0.051193235635161996,PLANNER_INFEASIBLE
50,159.83407592773438,-1128.517822265625,1.3996660974429231,0.24984477350417456,PLANNER_INFEASIBLE
51,159.80458068847656,-1128.4437255859375,1.331616480154986,0.05018246077998055,PLANNER_INFEASIBLE
52,159.7897491455078,-1128.406494140625,1.2974146801511124,0.2448680811539496,PLANNER_INFEASIBLE
53,159.76025390625,-1128.3323974609375,1.2293650628631752,0.04916505150332872,PLANNER_INFEASIBLE
54,159.74542236328125,-1128.295166015625,1.1951632628593016,0.23985901577877144,PLANNER_INFEASIBLE
55,159.71592712402344,-1128.2210693359375,1.127113645571228,0.0481411423127982,PLANNER_INFEASIBLE
56,159.7010955810547,-1128.183837890625,1.0929118455673545,0.23481823960704365,PLANNER_INFEASIBLE
57,159.67160034179688,-1128.1097412109375,1.0248622282794173,0.04711086857530829,PLANNER_INFEASIBLE
58,159.65676879882812,-1128.072509765625,0.990660428275521,0.2297464190595262,PLANNER_INFEASIBLE
59,159.6272735595703,-1127.9984130859375,0.9216123831938494,0.04319477412988591,PLANNER_INFEASIBLE
60,159.61244201660156,-1127.961181640625,0.8841538234775232,0.21101295978789233,PLANNER_INFEASIBLE
61,159.58294677734375,-1127.8870849609375,0.8096199995948595,0.04246703209143225,PLANNER_INFEASIBLE
62,159.568115234375,-1127.849853515625,0.7721614398783659,0.20743332869763845,PLANNER_INFEASIBLE
63,159.5386199951172,-1127.7757568359375,0.6976276159958505,0.041736632390211734,PLANNER_INFEASIBLE
64,159.52378845214844,-1127.738525390625,0.6601690562793568,0.20384071605894225,PLANNER_INFEASIBLE
65,159.49429321289062,-1127.6644287109375,0.5856352323968607,0.041003620735942936,PLANNER_INFEASIBLE
66,159.47946166992188,-1127.627197265625,0.5481766726803671,0.20023534670392348,PLANNER_INFEASIBLE
67,159.44996643066406,-1127.5531005859375,0.47364284879770335,0.040268043001805344,PLANNER_INFEASIBLE
68,159.4351348876953,-1127.515869140625,0.43618428908137724,0.19661744626304023,PLANNER_INFEASIBLE
69,159.4056396484375,-1127.4417724609375,0.36165046519869426,0.03952994522156822,PLANNER_INFEASIBLE
70,159.39080810546875,-1127.404541015625,0.3241919054823682,0.19298724115096788,PLANNER_INFEASIBLE
