maneuver_id,scene_key,split,source_shard,record_index,decision_start_frame,merge_start_frame,start_shift_frames,episode_horizon,v_e,d_m,target_front_present,target_front_gap,target_front_relative_speed,target_front_ttc,target_rear_present,target_rear_gap,target_rear_relative_speed,target_rear_ttc,source_front_present,source_front_gap,source_front_relative_speed,source_front_ttc,front_closing_speed,rear_closing_speed,traffic_density,merge_region_length_m,OPEN_GAP,FRONT_CONSTRAINED,REAR_CONSTRAINED,SOURCE_FOLLOW_RELEVANT,LATE_MERGE,DENSE_INTERACTION,MULTI_CONSTRAINT
MAN_0001,training_tfexample.tfrecord-00000-of-01000#12,train,training_tfexample.tfrecord-00000-of-01000,12,32,36,4,58,16.836492079578605,18.85856391350069,1,18.934872759393443,0.9472007578740236,19.990347982715356,0,0.0,0.0,100.0,0,0.0,0.0,100.0,0.9472007578740236,,14,20.106585650725695,0,0,0,0,0,0,0
MAN_0002,training_tfexample.tfrecord-00000-of-01000#18,train,training_tfexample.tfrecord-00000-of-01000,18,0,0,0,90,12.79773923710441,8.629088975166525,1,4.495343404842993,0.7850287060478802,5.726342705955538,0,0.0,0.0,100.0,1,4.524402596772514,0.7895509625688817,5.730349035421255,0.7850287060478802,,6,14.747515195623146,0,1,0,1,1,0,1
MAN_0003,training_tfexample.tfrecord-00000-of-01000#20,train,training_tfexample.tfrecord-00000-of-01000,20,5,9,4,85,11.120423773017288,19.93213426952636,0,0.0,0.0,100.0,0,0.0,0.0,100.0,1,-1.7574492790666403,11.120422381688037,0.0,,,28,20.663433195230272,0,0,0,1,0,1,1
MAN_0004,training_tfexample.tfrecord-00000-of-01000#40,train,training_tfexample.tfrecord-00000-of-01000,40,0,0,0,90,10.993299894410855,10.245129820517768,1,17.306805874601146,-0.2171952836505504,100.0,0,0.0,0.0,100.0,1,-1.923982277510568,-3.1651288713483385,0.0,-0.2171952836505504,,10,30.0,0,0,0,1,1,0,1
MAN_0005,training_tfexample.tfrecord-00000-of-01000#44,train,training_tfexample.tfrecord-00000-of-01000,44,3,3,0,87,4.624970566802186,2.153927380199619,1,18.980686302384736,3.761334392051377,5.046263991442927,0,0.0,0.0,100.0,0,0.0,0.0,100.0,3.761334392051377,,9,30.0,0,0,0,0,1,0,0
MAN_0006,training_tfexample.tfrecord-00000-of-01000#62,train,training_tfexample.tfrecord-00000-of-01000,62,0,0,0,90,16.423999742073175,9.307050065184939,0,0.0,0.0,100.0,0,0.0,0.0,100.0,0,0.0,0.0,100.0,,,7,21.78823847522359,1,0,0,0,1,0,0
MAN_0007,training_tfexample.tfrecord-00000-of-01000#99,train,training_tfexample.tfrecord-00000-of-01000,99,35,39,4,55,4.709968927777546,9.683471057258675,1,7.075956196319485,-4.78260180776083,100.0,0,0.0,0.0,100.0,0,0.0,0.0,100.0,-4.78260180776083,,26,13.375923089752499,0,1,0,0,1,1,1
MAN_0008,training_tfexample.tfrecord-00000-of-01000#103,validation,training_tfexample.tfrecord-00000-of-01000,103,32,36,4,58,16.018698030195786,9.062699846880689,0,0.0,0.0,100.0,0,0.0,0.0,100.0,0,0.0,0.0,100.0,,,25,9.860135567130248,1,0,0,0,1,1,1
MAN_0009,training_tfexample.tfrecord-00000-of-01000#119,validation,training_tfexample.tfrecord-00000-of-01000,119,35,39,4,55,11.070838163718593,14.33032243325808,1,14.47763287219961,2.6261390226882675,5.512896593486308,0,0.0,0.0,100.0,0,0.0,0.0,100.0,2.6261390226882675,,29,16.58224806859391,0,0,0,0,0,1,0
MAN_0010,training_tfexample.tfrecord-00000-of-01000#132,train,training_tfexample.tfrecord-00000-of-01000,132,4,8,4,86,3.0106824829065295,18.725121914986946,1,10.646570562534926,-8.407233154517924,100.0,0,0.0,0.0,100.0,0,0.0,0.0,100.0,-8.407233154517924,,25,18.49900261544564,0,1,0,0,0,1,1
MAN_0011,training_tfexample.tfrecord-00000-of-01000#147,validation,training_tfexample.tfrecord-00000-of-01000,147,45,68,23,45,3.951751391183427,17.51135168669224,1,13.824201186806192,-5.484109413511834,100.0,0,0.0,0.0,100.0,0,0.0,0.0,100.0,-5.484109413511834,,24,17.097544426426854,0,0,0,0,0,1,0
MAN_0012,training_tfexample.tfrecord-00000-of-01000#169,validation,training_tfexample.tfrecord-00000-of-01000,169,0,0,0,90,5.32509539709911,4.0132302389765115,0,0.0,0.0,100.0,0,0.0,0.0,100.0,0,0.0,0.0,100.0,,,4,24.87551594477753,1,0,0,0,1,0,0
MAN_0013,training_tfexample.tfrecord-00000-of-01000#215,train,training_tfexample.tfrecord-00000-of-01000,215,16,28,12,74,16.285099499523177,48.052272899726404,0,0.0,0.0,100.0,0,0.0,0.0,100.0,0,0.0,0.0,100.0,,,4,30.0,1,0,0,0,0,0,0
MAN_0014,training_tfexample.tfrecord-00000-of-01000#290,validation,training_tfexample.tfrecord-00000-of-01000,290,0,33,33,90,16.61866003438233,81.78238020065686,0,0.0,0.0,100.0,0,0.0,0.0,100.0,1,0.3020542744317982,2.2427257821883355,0.13468176842247265,,,12,30.0,0,0,0,1,0,0,0
MAN_0015,training_tfexample.tfrecord-00000-of-01000#391,train,training_tfexample.tfrecord-00000-of-01000,391,59,63,4,31,12.554989513208112,18.92171355689093,1,59.022348188327555,-0.17928932609252968,100.0,0,0.0,0.0,100.0,0,0.0,0.0,100.0,-0.17928932609252968,,10,19.634595190155462,0,0,0,0,0,0,0
MAN_0016,training_tfexample.tfrecord-00001-of-01000#34,train,training_tfexample.tfrecord-00001-of-01000,34,21,25,4,69,13.884947221432762,24.71520315333107,1,62.19866143666398,4.597827279596853,13.527837749076493,0,0.0,0.0,100.0,0,0.0,0.0,100.0,4.597827279596853,,8,25.35345284451191,0,0,0,0,0,0,0
MAN_0017,training_tfexample.tfrecord-00001-of-01000#80,validation,training_tfexample.tfrecord-00001-of-01000,80,0,0,0,90,15.120535111885877,21.45662367529407,1,29.69257111238145,-3.025363215554629,100.0,0,0.0,0.0,100.0,0,0.0,0.0,100.0,-3.025363215554629,,14,24.258566795306496,0,0,0,0,0,0,0
MAN_0018,training_tfexample.tfrecord-00001-of-01000#82,train,training_tfexample.tfrecord-00001-of-01000,82,25,33,8,65,11.25599375414636,38.73893248542592,1,43.53477443149786,-1.698464055937766,100.0,0,0.0,0.0,100.0,1,-1.5208576233965485,-1.6506822505700676,0.0,-1.698464055937766,,8,30.0,0,0,0,1,0,0,0
MAN_0019,training_tfexample.tfrecord-00001-of-01000#124,validation,training_tfexample.tfrecord-00001-of-01000,124,0,0,0,90,8.910830054425476,3.274160372670469,0,0.0,0.0,100.0,0,0.0,0.0,100.0,0,0.0,0.0,100.0,,,12,12.433200883455813,1,0,0,0,1,0,0
MAN_0020,training_tfexample.tfrecord-00001-of-01000#193,train,training_tfexample.tfrecord-00001-of-01000,193,0,0,0,90,15.611470012945542,9.895132104324345,1,11.610176382878073,0.8706460684352955,13.335127560782084,0,0.0,0.0,100.0,0,0.0,0.0,100.0,0.8706460684352955,,22,20.107073882547976,0,1,0,0,1,1,1
MAN_0021,training_tfexample.tfrecord-00001-of-01000#214,validation,training_tfexample.tfrecord-00001-of-01000,214,58,62,4,32,18.80862062314433,18.383756934399994,1,19.84669472082441,-4.189640370948531,100.0,0,0.0,0.0,100.0,0,0.0,0.0,100.0,-4.189640370948531,,6,20.081508791790352,0,0,0,0,0,0,0
MAN_0022,training_tfexample.tfrecord-00001-of-01000#288,train,training_tfexample.tfrecord-00001-of-01000,288,24,28,4,66,14.886133533905795,28.309945738007126,1,29.463663433599635,1.3892005887243144,21.20907784861778,0,0.0,0.0,100.0,0,0.0,0.0,100.0,1.3892005887243144,,5,28.735427868063496,0,0,0,0,0,0,0
MAN_0023,training_tfexample.tfrecord-00001-of-01000#344,train,training_tfexample.tfrecord-00001-of-01000,344,0,0,0,90,6.100250367060518,14.49340925256018,1,13.230331574554047,-1.4797938473546455,100.0,0,0.0,0.0,100.0,0,0.0,0.0,100.0,-1.4797938473546455,,13,30.0,0,0,0,0,0,0,0
MAN_0024,training_tfexample.tfrecord-00001-of-01000#346,validation,training_tfexample.tfrecord-00001-of-01000,346,0,0,0,90,8.93291084539559,2.9033918844600617,1,48.77696546231792,7.992567665101681,6.102790430576528,0,0.0,0.0,100.0,0,0.0,0.0,100.0,7.992567665101681,,12,18.2382381821098,0,0,0,0,1,0,0
MAN_0025,training_tfexample.tfrecord-00001-of-01000#357,train,training_tfexample.tfrecord-00001-of-01000,357,25,46,21,65,6.723074313389342,48.1039345916278,0,0.0,0.0,100.0,0,0.0,0.0,100.0,1,3.0156878768124677,-0.39732609998032764,100.0,,,34,30.0,0,0,0,1,0,1,1
MAN_0026,training_tfexample.tfrecord-00002-of-01000#22,train,training_tfexample.tfrecord-00002-of-01000,22,44,48,4,46,13.706742814448244,6.120492356720046,0,0.0,0.0,100.0,0,0.0,0.0,100.0,0,0.0,0.0,100.0,,,13,6.952278197965694,1,0,0,0,1,0,0
MAN_0027,training_tfexample.tfrecord-00002-of-01000#70,validation,training_tfexample.tfrecord-00002-of-01000,70,10,14,4,80,12.456648109143186,6.647311276264127,0,0.0,0.0,100.0,0,0.0,0.0,100.0,0,0.0,0.0,100.0,,,28,7.848758085046598,1,0,0,0,1,1,1
MAN_0028,training_tfexample.tfrecord-00002-of-01000#146,train,training_tfexample.tfrecord-00002-of-01000,146,0,0,0,90,13.473684899504796,7.003094508014733,0,0.0,0.0,100.0,0,0.0,0.0,100.0,0,0.0,0.0,100.0,,,8,30.0,1,0,0,0,1,0,0
MAN_0029,training_tfexample.tfrecord-00002-of-01000#182,validation,training_tfexample.tfrecord-00002-of-01000,182,0,0,0,90,1.5564263963549931,11.968764911835736,0,0.0,0.0,100.0,0,0.0,0.0,100.0,0,0.0,0.0,100.0,,,41,16.620143841869233,1,0,0,0,0,1,0
MAN_0030,training_tfexample.tfrecord-00002-of-01000#285,validation,training_tfexample.tfrecord-00002-of-01000,285,56,60,4,34,18.234837779187014,34.42631144776704,0,0.0,0.0,100.0,0,0.0,0.0,100.0,1,-0.6366610515316085,14.314205898627055,0.0,,,10,30.0,0,0,0,1,0,0,0
MAN_0031,training_tfexample.tfrecord-00002-of-01000#302,validation,training_tfexample.tfrecord-00002-of-01000,302,10,10,0,80,4.175049460610095,1.564824660682973,0,0.0,0.0,100.0,0,0.0,0.0,100.0,0,0.0,0.0,100.0,,,39,30.0,1,0,0,0,1,1,1
MAN_0032,training_tfexample.tfrecord-00002-of-01000#308,validation,training_tfexample.tfrecord-00002-of-01000,308,58,62,4,32,2.4402155937069145,3.8306353011506076,0,0.0,0.0,100.0,0,0.0,0.0,100.0,0,0.0,0.0,100.0,,,32,15.773687230909772,1,0,0,0,1,1,1
MAN_0033,training_tfexample.tfrecord-00002-of-01000#359,train,training_tfexample.tfrecord-00002-of-01000,359,27,53,26,63,14.432081722810915,64.9426499007595,1,55.056603480994454,1.5227376692971486,36.1563285594734,0,0.0,0.0,100.0,1,23.22864619434188,-3.328774709878303,100.0,1.5227376692971486,,2,30.0,0,0,0,0,0,0,0
MAN_0034,training_tfexample.tfrecord-00002-of-01000#380,validation,training_tfexample.tfrecord-00002-of-01000,380,25,40,15,65,16.8617405603698,53.182942342901065,1,53.76754508090097,0.35101226692813725,100.0,0,0.0,0.0,100.0,1,7.663783486356408,-1.7631597666088865,100.0,0.35101226692813725,,16,30.0,0,0,0,0,0,0,0
MAN_0035,training_tfexample.tfrecord-00002-of-01000#479,train,training_tfexample.tfrecord-00002-of-01000,479,18,22,4,72,16.725834112585414,10.313358588262526,1,22.63745136579412,-2.450825828404472,100.0,0,0.0,0.0,100.0,0,0.0,0.0,100.0,-2.450825828404472,,12,10.683616906321715,0,0,0,0,1,0,0
MAN_0036,training_tfexample.tfrecord-00002-of-01000#499,train,training_tfexample.tfrecord-00002-of-01000,499,50,54,4,40,7.68053839325673,10.806202070772525,1,20.90280686654451,-5.033901991312127,100.0,0,0.0,0.0,100.0,0,0.0,0.0,100.0,-5.033901991312127,,23,30.0,0,0,0,0,1,1,1
MAN_0037,training_tfexample.tfrecord-00003-of-01000#86,train,training_tfexample.tfrecord-00003-of-01000,86,26,62,36,64,9.635161080764831,74.03380638054759,1,69.65550556771272,-5.353546234555266,100.0,0,0.0,0.0,100.0,1,38.85478797708005,-3.2452304212641483,100.0,-5.353546234555266,,28,30.0,0,0,0,0,0,1,0
MAN_0038,training_tfexample.tfrecord-00003-of-01000#120,train,training_tfexample.tfrecord-00003-of-01000,120,0,0,0,90,7.285750372946651,2.0636981701423878,0,0.0,0.0,100.0,0,0.0,0.0,100.0,0,0.0,0.0,100.0,,,20,28.214724960988864,1,0,0,0,1,0,0
MAN_0039,training_tfexample.tfrecord-00003-of-01000#124,validation,training_tfexample.tfrecord-00003-of-01000,124,0,0,0,90,8.728161692910103,2.636506308586412,1,28.571019048729113,-4.178251142741084,100.0,0,0.0,0.0,100.0,0,0.0,0.0,100.0,-4.178251142741084,,6,30.0,0,0,0,0,1,0,0
MAN_0040,training_tfexample.tfrecord-00003-of-01000#124,validation,training_tfexample.tfrecord-00003-of-01000,124,62,66,4,28,17.174441966293863,21.265834607424484,1,66.31151191568699,-0.9360838957422892,100.0,0,0.0,0.0,100.0,0,0.0,0.0,100.0,-0.9360838957422892,,3,22.463851713594345,0,0,0,0,0,0,0
MAN_0041,training_tfexample.tfrecord-00003-of-01000#216,validation,training_tfexample.tfrecord-00003-of-01000,216,0,11,11,90,12.523916255259794,43.06291473475027,1,42.149055304077535,-1.3499027432060124,100.0,0,0.0,0.0,100.0,1,7.674745042233717,0.5033256490251858,15.24807062206695,-1.3499027432060124,,22,30.0,0,0,0,0,0,1,0
MAN_0042,training_tfexample.tfrecord-00003-of-01000#227,train,training_tfexample.tfrecord-00003-of-01000,227,23,27,4,67,12.167153497196217,11.396051310006788,1,6.344459143744187,1.1709511445802097,5.418209951038307,0,0.0,0.0,100.0,1,6.343390105459889,1.1690603243835653,5.4260588381567905,1.1709511445802097,,9,12.950488943387933,0,1,0,0,0,0,0
MAN_0043,training_tfexample.tfrecord-00003-of-01000#231,train,training_tfexample.tfrecord-00003-of-01000,231,0,2,2,90,13.107458026458708,31.386062429740917,0,0.0,0.0,100.0,0,0.0,0.0,100.0,0,0.0,0.0,100.0,,,12,30.0,1,0,0,0,0,0,0
MAN_0044,training_tfexample.tfrecord-00003-of-01000#250,train,training_tfexample.tfrecord-00003-of-01000,250,0,55,55,90,0.5797602627900074,24.13201251532098,0,0.0,0.0,100.0,0,0.0,0.0,100.0,0,0.0,0.0,100.0,,,6,28.784344171458876,1,0,0,0,0,0,0
MAN_0045,training_tfexample.tfrecord-00003-of-01000#295,train,training_tfexample.tfrecord-00003-of-01000,295,19,23,4,71,17.21697402790316,8.688935695045908,0,0.0,0.0,100.0,0,0.0,0.0,100.0,1,-4.848401476430208,4.18433933114623,0.0,,,7,9.815540541320928,0,0,0,1,1,0,1
MAN_0046,training_tfexample.tfrecord-00003-of-01000#315,train,training_tfexample.tfrecord-00003-of-01000,315,0,5,5,90,9.86012585837476,34.736832914119745,0,0.0,0.0,100.0,0,0.0,0.0,100.0,0,0.0,0.0,100.0,,,17,30.0,1,0,0,0,0,0,0
MAN_0047,training_tfexample.tfrecord-00003-of-01000#331,train,training_tfexample.tfrecord-00003-of-01000,331,0,0,0,90,16.138970509846903,19.744482320635125,0,0.0,0.0,100.0,0,0.0,0.0,100.0,1,-4.405753013502444,5.404358069376615,0.0,,,5,30.0,0,0,0,1,0,0,0
MAN_0048,training_tfexample.tfrecord-00003-of-01000#345,validation,training_tfexample.tfrecord-00003-of-01000,345,0,31,31,90,3.8425126810764474,50.082478936874836,0,0.0,0.0,100.0,0,0.0,0.0,100.0,1,-3.94435757100686,-1.362563590558611,0.0,,,17,30.0,0,0,0,1,0,0,0
MAN_0049,training_tfexample.tfrecord-00003-of-01000#359,train,training_tfexample.tfrecord-00003-of-01000,359,50,54,4,40,6.723718265301716,8.167887497903369,0,0.0,0.0,100.0,0,0.0,0.0,100.0,0,0.0,0.0,100.0,,,17,8.98567530326902,1,0,0,0,1,0,0
MAN_0050,training_tfexample.tfrecord-00003-of-01000#381,train,training_tfexample.tfrecord-00003-of-01000,381,25,29,4,65,9.900990108201864,13.404377625721104,0,0.0,0.0,100.0,0,0.0,0.0,100.0,0,0.0,0.0,100.0,,,3,14.685253185828792,1,0,0,0,0,0,0
MAN_0051,training_tfexample.tfrecord-00003-of-01000#389,train,training_tfexample.tfrecord-00003-of-01000,389,0,0,0,90,11.604351450141193,10.030823410157645,1,21.557526320746078,-5.278327238545801,100.0,0,0.0,0.0,100.0,0,0.0,0.0,100.0,-5.278327238545801,,32,30.0,0,0,0,0,1,1,1
MAN_0052,training_tfexample.tfrecord-00003-of-01000#389,train,training_tfexample.tfrecord-00003-of-01000,389,59,63,4,31,17.160076016787016,18.290661406683878,1,41.784483635394565,1.2552059312201536,33.28894693381264,0,0.0,0.0,100.0,0,0.0,0.0,100.0,1.2552059312201536,,11,19.358822581521707,0,0,0,0,0,0,0
MAN_0053,training_tfexample.tfrecord-00003-of-01000#474,validation,training_tfexample.tfrecord-00003-of-01000,474,39,43,4,51,9.209615275636127,19.768483378167918,0,0.0,0.0,100.0,0,0.0,0.0,100.0,0,0.0,0.0,100.0,,,7,20.274926450373858,1,0,0,0,0,0,0
MAN_0054,training_tfexample.tfrecord-00004-of-01000#62,train,training_tfexample.tfrecord-00004-of-01000,62,20,24,4,70,17.030996762068188,14.599628813588703,1,18.21123280300342,-0.5946160971079166,100.0,0,0.0,0.0,100.0,1,1.5157188272526252,-0.5513354511044177,100.0,-0.5946160971079166,,35,14.940065769094863,0,0,0,1,0,1,1
MAN_0055,training_tfexample.tfrecord-00004-of-01000#62,train,training_tfexample.tfrecord-00004-of-01000,62,45,49,4,45,18.43801488674347,12.324206495174556,1,16.883557269504852,11.962851329294896,1.4113321987175433,0,0.0,0.0,100.0,1,2.3160412799886725,-0.1970245526245229,100.0,11.962851329294896,,26,13.486921128503019,0,1,0,1,0,1,1
MAN_0056,training_tfexample.tfrecord-00004-of-01000#87,train,training_tfexample.tfrecord-00004-of-01000,87,0,48,48,90,2.3742670405964095,27.371841937813503,0,0.0,0.0,100.0,1,3.961721620796453,-1.6145096398178234,100.0,0,0.0,0.0,100.0,,-1.6145096398178234,20,29.710277205699942,0,0,1,0,0,0,0
MAN_0057,training_tfexample.tfrecord-00004-of-01000#100,train,training_tfexample.tfrecord-00004-of-01000,100,15,19,4,75,5.963585057898618,21.890609504149623,1,13.874304203961273,6.345602604642134,2.186443915320431,0,0.0,0.0,100.0,1,5.7190718539701635,5.930674599146132,0.9643206280097658,6.345602604642134,,20,25.647806577971473,0,1,0,0,0,0,0
MAN_0058,training_tfexample.tfrecord-00004-of-01000#128,train,training_tfexample.tfrecord-00004-of-01000,128,32,36,4,58,19.896488438590136,25.522537731530054,0,0.0,0.0,100.0,0,0.0,0.0,100.0,0,0.0,0.0,100.0,,,7,25.68744636028642,1,0,0,0,0,0,0
MAN_0059,training_tfexample.tfrecord-00004-of-01000#150,train,training_tfexample.tfrecord-00004-of-01000,150,16,29,13,74,16.440337667182924,49.0428808027014,0,0.0,0.0,100.0,0,0.0,0.0,100.0,1,34.10046454045903,5.298369638815053,6.4360297346270805,,,7,30.0,0,0,0,0,0,0,0
MAN_0060,training_tfexample.tfrecord-00004-of-01000#156,validation,training_tfexample.tfrecord-00004-of-01000,156,60,64,4,30,6.757063632199915,7.017320784432293,1,4.696071103215976,-1.6157851145620992,100.0,0,0.0,0.0,100.0,1,4.673234125510767,-1.6127092398456169,100.0,-1.6157851145620992,,14,30.0,0,1,0,1,1,0,1
MAN_0061,training_tfexample.tfrecord-00004-of-01000#163,validation,training_tfexample.tfrecord-00004-of-01000,163,15,19,4,75,6.243645468648556,15.62648203488128,0,0.0,0.0,100.0,0,0.0,0.0,100.0,0,0.0,0.0,100.0,,,7,16.19597159219022,1,0,0,0,0,0,0
MAN_0062,training_tfexample.tfrecord-00004-of-01000#168,train,training_tfexample.tfrecord-00004-of-01000,168,1,5,4,89,16.922780784542763,12.536905924536393,0,0.0,0.0,100.0,0,0.0,0.0,100.0,0,0.0,0.0,100.0,,,18,13.09880380901142,1,0,0,0,0,0,0
MAN_0063,training_tfexample.tfrecord-00004-of-01000#168,train,training_tfexample.tfrecord-00004-of-01000,168,48,52,4,42,17.947722949557843,13.570494168993251,0,0.0,0.0,100.0,0,0.0,0.0,100.0,0,0.0,0.0,100.0,,,19,14.94067578980187,1,0,0,0,0,0,0
MAN_0064,training_tfexample.tfrecord-00004-of-01000#168,train,training_tfexample.tfrecord-00004-of-01000,168,72,76,4,18,17.91863065285688,12.735908366862935,0,0.0,0.0,100.0,0,0.0,0.0,100.0,1,2.67159539307573,-4.33679295930029,100.0,,,15,13.487409986128906,0,0,0,1,0,0,0
MAN_0065,training_tfexample.tfrecord-00004-of-01000#171,train,training_tfexample.tfrecord-00004-of-01000,171,60,64,4,30,14.408015090239855,26.410225113571297,1,41.48426914289482,0.7945603003029849,52.21034719086251,0,0.0,0.0,100.0,1,20.49042304311782,0.010966063493366818,100.0,0.7945603003029849,,13,27.766605014105725,0,0,0,0,0,0,0
MAN_0066,training_tfexample.tfrecord-00004-of-01000#174,train,training_tfexample.tfrecord-00004-of-01000,174,14,18,4,76,13.259792433183245,9.29410307005044,0,0.0,0.0,100.0,0,0.0,0.0,100.0,0,0.0,0.0,100.0,,,13,9.816030181792039,1,0,0,0,1,0,0
MAN_0067,training_tfexample.tfrecord-00004-of-01000#226,train,training_tfexample.tfrecord-00004-of-01000,226,0,0,0,90,18.95191713346648,24.56752459008651,1,15.961353101188916,0.09039796211705209,100.0,0,0.0,0.0,100.0,1,15.95873016652634,0.08596115910675906,100.0,0.09039796211705209,,5,30.0,0,0,0,0,0,0,0
MAN_0068,training_tfexample.tfrecord-00004-of-01000#234,train,training_tfexample.tfrecord-00004-of-01000,234,14,18,4,76,14.51730202269546,13.053651163108354,1,10.811882742856294,11.106435618506904,0.9734790813391302,0,0.0,0.0,100.0,1,10.800233306670577,11.107104564786507,0.9723716242765175,11.106435618506904,,6,13.210709878928666,0,1,0,0,0,0,0
MAN_0069,training_tfexample.tfrecord-00004-of-01000#234,train,training_tfexample.tfrecord-00004-of-01000,234,70,74,4,20,19.857505257036312,18.878006177080493,0,0.0,0.0,100.0,0,0.0,0.0,100.0,0,0.0,0.0,100.0,,,15,19.76480523990001,1,0,0,0,0,0,0
MAN_0070,training_tfexample.tfrecord-00004-of-01000#275,train,training_tfexample.tfrecord-00004-of-01000,275,0,0,0,90,29.45313081922744,4.177297638126504,1,-1.7948833930449775,0.8202662327096526,0.0,0,0.0,0.0,100.0,1,-1.7984630049605528,0.820398365394972,0.0,0.8202662327096526,,9,30.0,0,1,0,1,1,0,1
MAN_0071,training_tfexample.tfrecord-00004-of-01000#281,train,training_tfexample.tfrecord-00004-of-01000,281,0,6,6,90,7.554474028343807,34.112223195843555,0,0.0,0.0,100.0,1,2.151077402232529,-2.9511958427791978,100.0,1,26.068609544469204,2.45799272951699,10.60564957390734,,-2.9511958427791978,35,30.0,0,0,1,0,0,1,1
MAN_0072,training_tfexample.tfrecord-00004-of-01000#293,validation,training_tfexample.tfrecord-00004-of-01000,293,37,41,4,53,13.76806955996581,14.955623561536878,1,13.122901783579849,1.4642354264732855,8.962289496838144,0,0.0,0.0,100.0,1,-3.1476484710357533,0.9436182463071301,0.0,1.4642354264732855,,22,16.298323007942745,0,0,0,1,0,1,1
MAN_0073,training_tfexample.tfrecord-00004-of-01000#295,train,training_tfexample.tfrecord-00004-of-01000,295,7,11,4,83,6.857024919388993,16.50627734229833,1,22.040749747511796,-0.8789170699919682,100.0,0,0.0,0.0,100.0,1,8.32534729483275,-1.3813386733470523,100.0,-0.8789170699919682,,33,16.616941312413367,0,0,0,0,0,1,0
MAN_0074,training_tfexample.tfrecord-00004-of-01000#325,train,training_tfexample.tfrecord-00004-of-01000,325,0,0,0,90,12.907768604145318,14.628613131089494,0,0.0,0.0,100.0,0,0.0,0.0,100.0,0,0.0,0.0,100.0,,,11,21.139761314558967,1,0,0,0,0,0,0
MAN_0075,training_tfexample.tfrecord-00004-of-01000#329,validation,training_tfexample.tfrecord-00004-of-01000,329,0,0,0,90,10.304772306096728,6.715356306075035,1,12.651109386091239,-2.590070116383224,100.0,0,0.0,0.0,100.0,0,0.0,0.0,100.0,-2.590070116383224,,15,9.139062256386243,0,1,0,0,1,0,1
MAN_0076,training_tfexample.tfrecord-00004-of-01000#364,train,training_tfexample.tfrecord-00004-of-01000,364,30,52,22,60,15.11156552689558,62.97297765419753,0,0.0,0.0,100.0,0,0.0,0.0,100.0,1,19.166999331238273,-2.5342315080606035,100.0,,,22,30.0,0,0,0,0,0,1,0
MAN_0077,training_tfexample.tfrecord-00004-of-01000#410,train,training_tfexample.tfrecord-00004-of-01000,410,60,64,4,30,20.170826874653184,15.088665013019959,0,0.0,0.0,100.0,0,0.0,0.0,100.0,0,0.0,0.0,100.0,,,6,15.428422416911602,1,0,0,0,0,0,0
MAN_0078,training_tfexample.tfrecord-00004-of-01000#431,train,training_tfexample.tfrecord-00004-of-01000,431,0,0,0,90,13.490553277408097,3.326909516567053,0,0.0,0.0,100.0,0,0.0,0.0,100.0,0,0.0,0.0,100.0,,,10,18.247682798083343,1,0,0,0,1,0,0
MAN_0079,training_tfexample.tfrecord-00004-of-01000#431,train,training_tfexample.tfrecord-00004-of-01000,431,34,38,4,56,13.374893838414303,20.160270897339196,0,0.0,0.0,100.0,0,0.0,0.0,100.0,0,0.0,0.0,100.0,,,8,20.062737727205864,1,0,0,0,0,0,0
MAN_0080,training_tfexample.tfrecord-00004-of-01000#439,train,training_tfexample.tfrecord-00004-of-01000,439,49,53,4,41,8.343317425743594,26.12284302487358,0,0.0,0.0,100.0,0,0.0,0.0,100.0,1,8.864816055114137,-1.6991873751014435,100.0,,,7,30.0,0,0,0,0,0,0,0
MAN_0081,training_tfexample.tfrecord-00004-of-01000#474,train,training_tfexample.tfrecord-00004-of-01000,474,59,63,4,31,14.32304905219997,15.20178076956724,1,24.173423145489156,-2.5468838079557248,100.0,0,0.0,0.0,100.0,0,0.0,0.0,100.0,-2.5468838079557248,,20,15.26984133976906,0,0,0,0,0,0,0
MAN_0082,training_tfexample.tfrecord-00004-of-01000#491,train,training_tfexample.tfrecord-00004-of-01000,491,16,20,4,74,2.8756417365042006,14.789047759905884,0,0.0,0.0,100.0,0,0.0,0.0,100.0,0,0.0,0.0,100.0,,,6,14.944952736469302,1,0,0,0,0,0,0
MAN_0083,training_tfexample.tfrecord-00005-of-01000#127,train,training_tfexample.tfrecord-00005-of-01000,127,43,47,4,47,15.908015619617263,14.367884248496056,0,0.0,0.0,100.0,0,0.0,0.0,100.0,0,0.0,0.0,100.0,,,7,14.47312829107839,1,0,0,0,0,0,0
MAN_0084,training_tfexample.tfrecord-00005-of-01000#130,train,training_tfexample.tfrecord-00005-of-01000,130,0,0,0,90,13.44438519126518,4.3396068982385945,0,0.0,0.0,100.0,0,0.0,0.0,100.0,0,0.0,0.0,100.0,,,6,17.550927943134646,1,0,0,0,1,0,0
MAN_0085,training_tfexample.tfrecord-00005-of-01000#145,train,training_tfexample.tfrecord-00005-of-01000,145,32,36,4,58,17.374570771744462,30.769920701806566,1,49.508380717036644,-0.9258399508507154,100.0,0,0.0,0.0,100.0,1,5.247500608636946,-1.6468813239694704,100.0,-0.9258399508507154,,3,30.0,0,0,0,1,0,0,0
MAN_0086,training_tfexample.tfrecord-00005-of-01000#153,train,training_tfexample.tfrecord-00005-of-01000,153,42,46,4,48,3.3721693810798716,2.8584141337734286,0,0.0,0.0,100.0,0,0.0,0.0,100.0,0,0.0,0.0,100.0,,,28,3.2634139815454013,1,0,0,0,1,1,1
MAN_0087,training_tfexample.tfrecord-00005-of-01000#159,validation,training_tfexample.tfrecord-00005-of-01000,159,41,45,4,49,4.814601704940129,8.444549151967333,1,5.066960237692676,-1.3967158993899664,100.0,0,0.0,0.0,100.0,1,5.05586232738688,-1.3957063857308656,100.0,-1.3967158993899664,,24,8.431740264432692,0,1,0,1,1,1,1
MAN_0088,training_tfexample.tfrecord-00005-of-01000#167,validation,training_tfexample.tfrecord-00005-of-01000,167,67,71,4,23,18.052332171936442,12.798834250006445,1,28.5388817998262,-3.657671618906676,100.0,0,0.0,0.0,100.0,0,0.0,0.0,100.0,-3.657671618906676,,8,13.911341351551586,0,0,0,0,0,0,0
MAN_0089,training_tfexample.tfrecord-00005-of-01000#169,train,training_tfexample.tfrecord-00005-of-01000,169,9,13,4,81,11.47031399934035,14.65874309315587,0,0.0,0.0,100.0,0,0.0,0.0,100.0,0,0.0,0.0,100.0,,,14,15.326122843545066,1,0,0,0,0,0,0
MAN_0090,training_tfexample.tfrecord-00005-of-01000#187,validation,training_tfexample.tfrecord-00005-of-01000,187,26,30,4,64,3.3518730051452255,16.377899999369706,0,0.0,0.0,100.0,0,0.0,0.0,100.0,0,0.0,0.0,100.0,,,18,16.616935233243424,1,0,0,0,0,0,0
MAN_0091,training_tfexample.tfrecord-00005-of-01000#247,train,training_tfexample.tfrecord-00005-of-01000,247,46,50,4,44,12.495031804494499,19.203496435150775,1,31.316233154176267,12.512390256699101,2.5028178079251995,0,0.0,0.0,100.0,1,10.505011556624279,5.195698185273402,2.0218671643398194,12.512390256699101,,18,19.432739090805214,0,0,0,0,0,0,0
MAN_0092,training_tfexample.tfrecord-00005-of-01000#266,validation,training_tfexample.tfrecord-00005-of-01000,266,3,7,4,87,9.74641706143572,12.717883403567445,0,0.0,0.0,100.0,0,0.0,0.0,100.0,0,0.0,0.0,100.0,,,13,15.46730942355791,1,0,0,0,0,0,0
MAN_0093,training_tfexample.tfrecord-00005-of-01000#401,train,training_tfexample.tfrecord-00005-of-01000,401,0,1,1,90,18.218638818260295,31.330313944262677,1,23.50488801397916,-0.2145188105367346,100.0,0,0.0,0.0,100.0,1,3.8624519848539407,-1.6844996761104127,100.0,-0.2145188105367346,,24,30.0,0,0,0,1,0,1,1
MAN_0094,training_tfexample.tfrecord-00006-of-01000#5,validation,training_tfexample.tfrecord-00006-of-01000,5,0,0,0,90,9.53905630452661,5.49884924337149,1,12.145991867761758,1.6483138800094883,7.36873723813564,0,0.0,0.0,100.0,0,0.0,0.0,100.0,1.6483138800094883,,12,14.221000280110443,0,1,0,0,1,0,1
MAN_0095,training_tfexample.tfrecord-00006-of-01000#25,train,training_tfexample.tfrecord-00006-of-01000,25,0,0,0,90,8.88399456968979,13.728053197811477,1,19.539434820317794,5.555992789797152,3.5168214861976406,0,0.0,0.0,100.0,0,0.0,0.0,100.0,5.555992789797152,,19,19.43262031610823,0,0,0,0,0,0,0
MAN_0096,training_tfexample.tfrecord-00006-of-01000#27,train,training_tfexample.tfrecord-00006-of-01000,27,4,16,12,86,6.6186305383090085,37.56607487657077,1,2.952077022707191,-4.240087328091748,100.0,0,0.0,0.0,100.0,1,23.222851625985623,-1.7429785003380331,100.0,-4.240087328091748,,10,30.0,0,1,0,0,0,0,0
MAN_0097,training_tfexample.tfrecord-00006-of-01000#35,validation,training_tfexample.tfrecord-00006-of-01000,35,22,26,4,68,7.818363945071459,13.409697204574549,0,0.0,0.0,100.0,0,0.0,0.0,100.0,0,0.0,0.0,100.0,,,5,14.008556372128737,1,0,0,0,0,0,0
MAN_0098,training_tfexample.tfrecord-00006-of-01000#65,validation,training_tfexample.tfrecord-00006-of-01000,65,12,22,10,78,8.070562078661279,38.706241667849724,1,52.63673208486544,-5.1727573414532575,100.0,0,0.0,0.0,100.0,1,16.72866850754792,-1.0793319435630764,100.0,-5.1727573414532575,,16,30.0,0,0,0,0,0,0,0
MAN_0099,training_tfexample.tfrecord-00006-of-01000#185,validation,training_tfexample.tfrecord-00006-of-01000,185,26,45,19,64,9.630584124337462,50.04105551225565,1,46.05668531581956,-4.290836163682496,100.0,0,0.0,0.0,100.0,1,-0.012185318033790082,-3.5385686811831096,0.0,-4.290836163682496,,34,30.0,0,0,0,1,0,1,1
MAN_0100,training_tfexample.tfrecord-00006-of-01000#189,validation,training_tfexample.tfrecord-00006-of-01000,189,50,54,4,40,8.68839814215839,27.778460382467284,1,28.581564147744885,-8.06569551680823,100.0,0,0.0,0.0,100.0,1,-3.22958139412946,-4.568498117965495,0.0,-8.06569551680823,,10,28.13917362560488,0,0,0,1,0,0,0
MAN_0101,training_tfexample.tfrecord-00006-of-01000#229,validation,training_tfexample.tfrecord-00006-of-01000,229,5,9,4,85,16.96913063622188,19.100608677090793,1,40.58022585232482,-1.4346280715978388,100.0,0,0.0,0.0,100.0,1,9.091287016364118,-2.1280144004084853,100.0,-1.4346280715978388,,6,21.19397584246929,0,0,0,0,0,0,0
MAN_0102,training_tfexample.tfrecord-00006-of-01000#229,validation,training_tfexample.tfrecord-00006-of-01000,229,50,54,4,40,14.607041245710334,22.632419475580758,1,16.460034678315832,0.4465595848915118,36.85966046908313,0,0.0,0.0,100.0,1,16.45373005520458,0.44524464325272817,36.95435824898891,0.4465595848915118,,4,23.32426439198191,0,0,0,0,0,0,0
MAN_0103,training_tfexample.tfrecord-00006-of-01000#230,train,training_tfexample.tfrecord-00006-of-01000,230,4,8,4,86,14.886133533905795,28.309945738007126,1,29.461998795080348,1.3892005887243144,21.20787957780448,0,0.0,0.0,100.0,0,0.0,0.0,100.0,1.3892005887243144,,5,28.735427868063496,0,0,0,0,0,0,0
MAN_0104,training_tfexample.tfrecord-00006-of-01000#239,validation,training_tfexample.tfrecord-00006-of-01000,239,28,32,4,62,7.553093772982119,2.2297421629925296,0,0.0,0.0,100.0,0,0.0,0.0,100.0,0,0.0,0.0,100.0,,,10,4.3834203810104295,1,0,0,0,1,0,0
MAN_0105,training_tfexample.tfrecord-00006-of-01000#239,validation,training_tfexample.tfrecord-00006-of-01000,239,55,59,4,35,9.450470476610352,6.367570363163099,0,0.0,0.0,100.0,0,0.0,0.0,100.0,0,0.0,0.0,100.0,,,9,7.808439247692465,1,0,0,0,1,0,0
MAN_0106,training_tfexample.tfrecord-00006-of-01000#260,train,training_tfexample.tfrecord-00006-of-01000,260,29,33,4,61,10.852536146601716,7.9862081667993445,1,20.950833956707687,-1.9439901044946915,100.0,0,0.0,0.0,100.0,0,0.0,0.0,100.0,-1.9439901044946915,,28,8.157234718833676,0,0,0,0,1,1,1
MAN_0107,training_tfexample.tfrecord-00006-of-01000#283,train,training_tfexample.tfrecord-00006-of-01000,283,19,23,4,71,8.843294279429234,13.751196723054232,0,0.0,0.0,100.0,1,8.111945456679697,-3.912975816880429,100.0,0,0.0,0.0,100.0,,-3.912975816880429,27,30.0,0,0,1,0,0,1,1
MAN_0108,training_tfexample.tfrecord-00006-of-01000#332,validation,training_tfexample.tfrecord-00006-of-01000,332,0,15,15,90,18.641808694111372,57.95978889743832,0,0.0,0.0,100.0,0,0.0,0.0,100.0,1,-2.5300818641872027,4.506005175227095,0.0,,,8,30.0,0,0,0,1,0,0,0
MAN_0109,training_tfexample.tfrecord-00006-of-01000#368,train,training_tfexample.tfrecord-00006-of-01000,368,29,33,4,61,9.910921456647742,12.70618263917235,0,0.0,0.0,100.0,0,0.0,0.0,100.0,0,0.0,0.0,100.0,,,22,13.122793984331068,1,0,0,0,0,1,0
MAN_0110,training_tfexample.tfrecord-00006-of-01000#369,train,training_tfexample.tfrecord-00006-of-01000,369,67,71,4,23,17.070675277700122,16.594343385559835,0,0.0,0.0,100.0,0,0.0,0.0,100.0,0,0.0,0.0,100.0,,,4,17.98977611764615,1,0,0,0,0,0,0
MAN_0111,training_tfexample.tfrecord-00006-of-01000#402,train,training_tfexample.tfrecord-00006-of-01000,402,0,0,0,90,14.653739665432235,26.284429339658647,0,0.0,0.0,100.0,0,0.0,0.0,100.0,0,0.0,0.0,100.0,,,8,30.0,1,0,0,0,0,0,0
MAN_0112,training_tfexample.tfrecord-00006-of-01000#404,validation,training_tfexample.tfrecord-00006-of-01000,404,12,19,7,78,4.3089154439600925,28.472741716036875,0,0.0,0.0,100.0,0,0.0,0.0,100.0,1,12.34773702039983,-1.3323480747773733,100.0,,,22,30.0,0,0,0,0,0,1,0
MAN_0113,training_tfexample.tfrecord-00006-of-01000#455,validation,training_tfexample.tfrecord-00006-of-01000,455,0,0,0,90,4.016611463819996,1.769192293036438,1,13.419721481020574,3.557588776947131,3.772139592967915,0,0.0,0.0,100.0,0,0.0,0.0,100.0,3.557588776947131,,13,12.62873806972033,0,0,0,0,1,0,0
MAN_0114,training_tfexample.tfrecord-00006-of-01000#470,train,training_tfexample.tfrecord-00006-of-01000,470,51,55,4,39,11.47410240892958,9.138342996792412,0,0.0,0.0,100.0,0,0.0,0.0,100.0,0,0.0,0.0,100.0,,,26,9.79028732645583,1,0,0,0,1,1,1
MAN_0115,training_tfexample.tfrecord-00006-of-01000#486,train,training_tfexample.tfrecord-00006-of-01000,486,0,0,0,90,14.443137692254243,3.7716111253572713,0,0.0,0.0,100.0,0,0.0,0.0,100.0,0,0.0,0.0,100.0,,,9,16.327836183973115,1,0,0,0,1,0,0
MAN_0116,training_tfexample.tfrecord-00006-of-01000#489,validation,training_tfexample.tfrecord-00006-of-01000,489,56,60,4,34,16.107354521474246,13.197988735253759,1,11.286279967983596,-4.140434950428531,100.0,0,0.0,0.0,100.0,1,11.284559466483064,-4.145949806439823,100.0,-4.140434950428531,,15,14.574355762082153,0,1,0,0,0,0,0
MAN_0117,training_tfexample.tfrecord-00006-of-01000#506,train,training_tfexample.tfrecord-00006-of-01000,506,0,0,0,90,12.079192380864495,13.512450443598858,1,14.362324699655318,-3.820029852441799,100.0,0,0.0,0.0,100.0,1,-4.7774286023484365,-3.1723971763434626,0.0,-3.820029852441799,,40,30.0,0,0,0,1,0,1,1
MAN_0118,training_tfexample.tfrecord-00007-of-01000#53,train,training_tfexample.tfrecord-00007-of-01000,53,54,58,4,36,15.592781334154008,16.242572349478003,1,36.97056603249153,-1.1589399375265312,100.0,0,0.0,0.0,100.0,0,0.0,0.0,100.0,-1.1589399375265312,,15,16.522887462401364,0,0,0,0,0,0,0
MAN_0119,training_tfexample.tfrecord-00007-of-01000#54,train,training_tfexample.tfrecord-00007-of-01000,54,0,0,0,90,2.995114845659462,6.257631313727394,1,11.592297904057101,-0.02828221424788957,100.0,0,0.0,0.0,100.0,0,0.0,0.0,100.0,-0.02828221424788957,,19,16.719136353190912,0,1,0,0,1,0,1
MAN_0120,training_tfexample.tfrecord-00007-of-01000#95,validation,training_tfexample.tfrecord-00007-of-01000,95,18,22,4,72,15.508975829587829,21.925106036675167,1,31.469986802179463,-3.158690482929357,100.0,0,0.0,0.0,100.0,1,11.105135658696824,-3.2502451537761647,100.0,-3.158690482929357,,16,22.31571189875198,0,0,0,0,0,0,0
MAN_0121,training_tfexample.tfrecord-00007-of-01000#97,train,training_tfexample.tfrecord-00007-of-01000,97,40,44,4,50,6.735426449798533,24.7720415301354,0,0.0,0.0,100.0,0,0.0,0.0,100.0,0,0.0,0.0,100.0,,,15,25.41506397208599,1,0,0,0,0,0,0
MAN_0122,training_tfexample.tfrecord-00007-of-01000#100,validation,training_tfexample.tfrecord-00007-of-01000,100,23,30,7,67,18.45367041780368,21.260071187795738,1,42.1047214912376,-0.7027046391095162,100.0,0,0.0,0.0,100.0,1,13.627531980949566,-1.2247898576457352,100.0,-0.7027046391095162,,23,21.484326942907305,0,0,0,0,0,1,0
MAN_0123,training_tfexample.tfrecord-00007-of-01000#119,train,training_tfexample.tfrecord-00007-of-01000,119,30,34,4,60,12.991444674843736,8.605264418995976,1,12.95720110370474,-2.482296518959968,100.0,0,0.0,0.0,100.0,0,0.0,0.0,100.0,-2.482296518959968,,18,9.139423711619127,0,0,0,0,1,0,0
MAN_0124,training_tfexample.tfrecord-00007-of-01000#141,train,training_tfexample.tfrecord-00007-of-01000,141,7,11,4,83,6.843808632685968,3.4099181590205347,1,12.783007916686053,-2.5693044804709135,100.0,0,0.0,0.0,100.0,0,0.0,0.0,100.0,-2.5693044804709135,,34,30.0,0,1,0,0,1,1,1
MAN_0125,training_tfexample.tfrecord-00007-of-01000#273,train,training_tfexample.tfrecord-00007-of-01000,273,0,0,0,90,9.094955824660778,13.835512934729806,1,10.845305519657538,9.09468241156045,1.1924886465383149,0,0.0,0.0,100.0,1,5.720943861866985,9.094921455089528,0.6290261977650767,9.09468241156045,,26,30.0,0,1,0,0,0,1,1
MAN_0126,training_tfexample.tfrecord-00007-of-01000#276,train,training_tfexample.tfrecord-00007-of-01000,276,13,17,4,77,2.9449722459373615,25.41011850106206,0,0.0,0.0,100.0,0,0.0,0.0,100.0,0,0.0,0.0,100.0,,,46,25.61141163121186,1,0,0,0,0,1,0
MAN_0127,training_tfexample.tfrecord-00007-of-01000#306,train,training_tfexample.tfrecord-00007-of-01000,306,0,0,0,90,18.797912763577663,19.37234861358256,1,19.476977680403603,-3.84255231644379,100.0,0,0.0,0.0,100.0,1,-3.250530879451125,-1.2937546874573194,0.0,-3.84255231644379,,6,23.272734265052776,0,0,0,1,0,0,0
MAN_0128,training_tfexample.tfrecord-00007-of-01000#337,train,training_tfexample.tfrecord-00007-of-01000,337,0,33,33,90,5.766429882030174,51.51310312376443,0,0.0,0.0,100.0,0,0.0,0.0,100.0,1,-2.9559607780390182,5.756868420753678,0.0,,,6,30.0,0,0,0,1,0,0,0
MAN_0129,training_tfexample.tfrecord-00007-of-01000#340,train,training_tfexample.tfrecord-00007-of-01000,340,17,21,4,73,12.537280052125604,17.559291472716765,0,0.0,0.0,100.0,0,0.0,0.0,100.0,1,0.8019770656009637,-1.5852684363623624,100.0,,,16,18.278188529169437,0,0,0,1,0,0,0
MAN_0130,training_tfexample.tfrecord-00007-of-01000#344,train,training_tfexample.tfrecord-00007-of-01000,344,54,58,4,36,7.043204394321313,14.016091814427003,1,16.163490679842308,-0.8647289552928763,100.0,0,0.0,0.0,100.0,0,0.0,0.0,100.0,-0.8647289552928763,,27,14.616439797093493,0,0,0,0,0,1,0
MAN_0131,training_tfexample.tfrecord-00007-of-01000#366,train,training_tfexample.tfrecord-00007-of-01000,366,66,70,4,24,17.631545611968857,13.21713756382014,1,19.42338701215838,-0.9654135684963769,100.0,0,0.0,0.0,100.0,0,0.0,0.0,100.0,-0.9654135684963769,,22,16.493360912442828,0,0,0,0,0,1,0
MAN_0132,training_tfexample.tfrecord-00007-of-01000#371,validation,training_tfexample.tfrecord-00007-of-01000,371,66,70,4,24,6.857540715745216,3.5261580064636258,0,0.0,0.0,100.0,0,0.0,0.0,100.0,0,0.0,0.0,100.0,,,7,4.383398896375047,1,0,0,0,1,0,0
MAN_0133,training_tfexample.tfrecord-00007-of-01000#387,train,training_tfexample.tfrecord-00007-of-01000,387,27,31,4,63,12.887696711619151,27.269176786205726,1,34.493716795414585,-0.29989839043675914,100.0,0,0.0,0.0,100.0,0,0.0,0.0,100.0,-0.29989839043675914,,8,28.095267852272595,0,0,0,0,0,0,0
MAN_0134,training_tfexample.tfrecord-00007-of-01000#404,train,training_tfexample.tfrecord-00007-of-01000,404,48,52,4,42,17.800209086676105,23.44816251550476,0,0.0,0.0,100.0,0,0.0,0.0,100.0,0,0.0,0.0,100.0,,,14,24.73827733206887,1,0,0,0,0,0,0
MAN_0135,training_tfexample.tfrecord-00008-of-01000#11,train,training_tfexample.tfrecord-00008-of-01000,11,14,18,4,76,8.493032514913152,8.011945475513473,0,0.0,0.0,100.0,0,0.0,0.0,100.0,0,0.0,0.0,100.0,,,25,9.549139219508756,1,0,0,0,1,1,1
MAN_0136,training_tfexample.tfrecord-00008-of-01000#15,train,training_tfexample.tfrecord-00008-of-01000,15,8,12,4,82,9.906626288015186,16.055758299632995,0,0.0,0.0,100.0,0,0.0,0.0,100.0,0,0.0,0.0,100.0,,,3,18.28776655618105,1,0,0,0,0,0,0
MAN_0137,training_tfexample.tfrecord-00008-of-01000#45,train,training_tfexample.tfrecord-00008-of-01000,45,20,24,4,70,10.236397609657356,14.43368252883697,1,10.66277407104687,0.7932613115879406,13.441691804813049,0,0.0,0.0,100.0,1,10.648909511402756,0.7934657187996113,13.420755628249296,0.7932613115879406,,22,14.473128539189382,0,1,0,0,0,1,1
MAN_0138,training_tfexample.tfrecord-00008-of-01000#130,train,training_tfexample.tfrecord-00008-of-01000,130,10,14,4,80,11.155542049598365,12.722892905662885,0,0.0,0.0,100.0,0,0.0,0.0,100.0,0,0.0,0.0,100.0,,,28,12.82438281328916,1,0,0,0,0,1,0
MAN_0139,training_tfexample.tfrecord-00008-of-01000#166,validation,training_tfexample.tfrecord-00008-of-01000,166,46,51,5,44,20.04928627034543,39.13829235514163,0,0.0,0.0,100.0,0,0.0,0.0,100.0,1,8.527274330754526,2.2454968446823926,3.7975000280887237,,,7,30.0,0,0,0,0,0,0,0
MAN_0140,training_tfexample.tfrecord-00008-of-01000#180,validation,training_tfexample.tfrecord-00008-of-01000,180,63,67,4,27,7.443544639005286,10.796388796640061,0,0.0,0.0,100.0,0,0.0,0.0,100.0,0,0.0,0.0,100.0,,,27,12.433166321804642,1,0,0,0,1,1,1
MAN_0141,training_tfexample.tfrecord-00008-of-01000#229,train,training_tfexample.tfrecord-00008-of-01000,229,63,67,4,27,10.056793643974837,15.882084671135862,1,24.43224331603489,-2.0135717379601505,100.0,0,0.0,0.0,100.0,0,0.0,0.0,100.0,-2.0135717379601505,,22,16.049106396050476,0,0,0,0,0,1,0
MAN_0142,training_tfexample.tfrecord-00008-of-01000#278,validation,training_tfexample.tfrecord-00008-of-01000,278,11,15,4,79,15.831201744829766,11.621065560781986,1,27.2241534535912,-0.4566511306222285,100.0,0,0.0,0.0,100.0,0,0.0,0.0,100.0,-0.4566511306222285,,13,12.854735479274423,0,0,0,0,0,0,0
MAN_0143,training_tfexample.tfrecord-00008-of-01000#278,validation,training_tfexample.tfrecord-00008-of-01000,278,61,65,4,29,16.606380816590733,14.990046781767512,1,27.36299020928864,-0.35532918492625143,100.0,0,0.0,0.0,100.0,0,0.0,0.0,100.0,-0.35532918492625143,,17,15.01754453200711,0,0,0,0,0,0,0
MAN_0144,training_tfexample.tfrecord-00008-of-01000#304,train,training_tfexample.tfrecord-00008-of-01000,304,3,22,19,87,3.8085644351423995,41.063744279149546,1,18.340542144001816,-11.777357106461507,100.0,0,0.0,0.0,100.0,1,19.425053080076097,-2.6601739005700984,100.0,-11.777357106461507,,14,30.0,0,0,0,0,0,0,0
MAN_0145,training_tfexample.tfrecord-00008-of-01000#312,validation,training_tfexample.tfrecord-00008-of-01000,312,0,0,0,90,2.0852372066368248,15.868684714155403,0,0.0,0.0,100.0,0,0.0,0.0,100.0,1,-1.3542489227764882,-6.513944418960913,0.0,,,26,20.260843706385675,0,0,0,1,0,1,1
MAN_0146,training_tfexample.tfrecord-00008-of-01000#322,validation,training_tfexample.tfrecord-00008-of-01000,322,0,20,20,90,6.501215273740131,44.11404295984556,1,44.1726213038742,-3.0308682142837444,100.0,0,0.0,0.0,100.0,1,9.856225450470788,0.011805184223288911,100.0,-3.0308682142837444,,44,30.0,0,0,0,0,0,1,0
MAN_0147,training_tfexample.tfrecord-00008-of-01000#347,validation,training_tfexample.tfrecord-00008-of-01000,347,65,69,4,25,9.979072646612524,10.032251370407378,1,19.96909849766965,0.3182251265234406,62.7514826243575,0,0.0,0.0,100.0,0,0.0,0.0,100.0,0.3182251265234406,,5,10.93506440267231,0,0,0,0,1,0,0
MAN_0148,training_tfexample.tfrecord-00008-of-01000#400,train,training_tfexample.tfrecord-00008-of-01000,400,0,0,0,90,12.193350417974848,15.669030092009558,1,13.196772681611872,-6.2984412349147405,100.0,0,0.0,0.0,100.0,1,-1.8405940607085647,-6.82033955922342,0.0,-6.2984412349147405,,20,21.490950543017874,0,0,0,1,0,0,0
MAN_0149,training_tfexample.tfrecord-00008-of-01000#422,train,training_tfexample.tfrecord-00008-of-01000,422,0,0,0,90,7.013625979107957,15.494650596878245,0,0.0,0.0,100.0,0,0.0,0.0,100.0,0,0.0,0.0,100.0,,,16,30.0,1,0,0,0,0,0,0
MAN_0150,training_tfexample.tfrecord-00008-of-01000#430,train,training_tfexample.tfrecord-00008-of-01000,430,55,59,4,35,9.158455565141795,5.012274208388572,0,0.0,0.0,100.0,0,0.0,0.0,100.0,0,0.0,0.0,100.0,,,28,5.822927959426835,1,0,0,0,1,1,1
MAN_0151,training_tfexample.tfrecord-00009-of-01000#39,validation,training_tfexample.tfrecord-00009-of-01000,39,22,26,4,68,7.7726089325213445,3.305096781575708,0,0.0,0.0,100.0,0,0.0,0.0,100.0,0,0.0,0.0,100.0,,,6,4.382603879940717,1,0,0,0,1,0,0
MAN_0152,training_tfexample.tfrecord-00009-of-01000#39,validation,training_tfexample.tfrecord-00009-of-01000,39,50,54,4,40,8.614972354213522,7.264765829398904,0,0.0,0.0,100.0,0,0.0,0.0,100.0,0,0.0,0.0,100.0,,,8,7.807202220009199,1,0,0,0,1,0,0
MAN_0153,training_tfexample.tfrecord-00009-of-01000#40,validation,training_tfexample.tfrecord-00009-of-01000,40,59,63,4,31,15.789606028552981,12.537043679913735,0,0.0,0.0,100.0,0,0.0,0.0,100.0,0,0.0,0.0,100.0,,,15,13.425232783148553,1,0,0,0,0,0,0
MAN_0154,training_tfexample.tfrecord-00009-of-01000#178,train,training_tfexample.tfrecord-00009-of-01000,178,10,14,4,80,6.206996994938744,15.9406725700324,0,0.0,0.0,100.0,0,0.0,0.0,100.0,0,0.0,0.0,100.0,,,8,16.568573746248845,1,0,0,0,0,0,0
MAN_0155,training_tfexample.tfrecord-00009-of-01000#204,validation,training_tfexample.tfrecord-00009-of-01000,204,17,21,4,73,5.782588660858713,28.30423064601697,0,0.0,0.0,100.0,0,0.0,0.0,100.0,1,18.841103998944654,-0.9808044457755667,100.0,,,8,29.982622621324246,0,0,0,0,0,0,0
MAN_0156,training_tfexample.tfrecord-00009-of-01000#220,train,training_tfexample.tfrecord-00009-of-01000,220,41,45,4,49,17.193270142739696,14.550235355948697,1,27.30941775647746,-0.46602586542308444,100.0,0,0.0,0.0,100.0,1,4.443922398139206,-0.42599959831137824,100.0,-0.46602586542308444,,15,15.49682812026766,0,0,0,1,0,0,0
MAN_0157,training_tfexample.tfrecord-00009-of-01000#223,train,training_tfexample.tfrecord-00009-of-01000,223,0,0,0,90,8.111108984293924,18.46463331776709,1,3.7972393829440296,-4.279369144042033,100.0,0,0.0,0.0,100.0,1,10.494424061586344,0.9312648835959294,11.269000094864326,-4.279369144042033,,38,30.0,0,1,0,0,0,1,1
MAN_0158,training_tfexample.tfrecord-00009-of-01000#228,train,training_tfexample.tfrecord-00009-of-01000,228,47,51,4,43,4.982611852127297,18.172588345346725,0,0.0,0.0,100.0,0,0.0,0.0,100.0,0,0.0,0.0,100.0,,,5,21.921122755647325,1,0,0,0,0,0,0
MAN_0159,training_tfexample.tfrecord-00009-of-01000#229,validation,training_tfexample.tfrecord-00009-of-01000,229,0,0,0,90,4.494100791669999,10.456660763840834,0,0.0,0.0,100.0,0,0.0,0.0,100.0,0,0.0,0.0,100.0,,,32,12.501674297158702,1,0,0,0,1,1,1
MAN_0160,training_tfexample.tfrecord-00009-of-01000#267,train,training_tfexample.tfrecord-00009-of-01000,267,16,20,4,74,10.89080116074596,12.96808265428658,0,0.0,0.0,100.0,0,0.0,0.0,100.0,0,0.0,0.0,100.0,,,15,14.900195446927553,1,0,0,0,0,0,0
MAN_0161,training_tfexample.tfrecord-00009-of-01000#302,train,training_tfexample.tfrecord-00009-of-01000,302,41,45,4,49,15.536581408835808,9.50549671685671,0,0.0,0.0,100.0,0,0.0,0.0,100.0,0,0.0,0.0,100.0,,,7,9.815540541879603,1,0,0,0,1,0,0
MAN_0162,training_tfexample.tfrecord-00009-of-01000#321,train,training_tfexample.tfrecord-00009-of-01000,321,0,14,14,90,8.063454043119846,43.36411386997377,0,0.0,0.0,100.0,0,0.0,0.0,100.0,0,0.0,0.0,100.0,,,3,30.0,1,0,0,0,0,0,0
MAN_0163,training_tfexample.tfrecord-00009-of-01000#358,train,training_tfexample.tfrecord-00009-of-01000,358,40,44,4,50,16.292780979822673,25.45293816923633,1,24.08163773785137,3.9575973566598055,6.084913539101453,0,0.0,0.0,100.0,1,3.646460323578138,2.109769432492648,1.7283691134295762,3.9575973566598055,,16,25.687446449838088,0,0,0,1,0,0,0
MAN_0164,training_tfexample.tfrecord-00009-of-01000#364,validation,training_tfexample.tfrecord-00009-of-01000,364,22,26,4,68,14.059436530183932,25.422644698164834,1,21.900764230406978,1.7566773810739384,12.467152173962656,0,0.0,0.0,100.0,1,1.7478112806726411,-1.704901686184229,100.0,1.7566773810739384,,10,26.16579920947875,0,0,0,1,0,0,0
MAN_0165,training_tfexample.tfrecord-00009-of-01000#373,train,training_tfexample.tfrecord-00009-of-01000,373,5,35,30,85,3.6522405129686843,50.601477635349916,0,0.0,0.0,100.0,0,0.0,0.0,100.0,1,1.4484783090053588,-2.3717588506885274,100.0,,,18,30.0,0,0,0,1,0,0,0
MAN_0166,training_tfexample.tfrecord-00009-of-01000#379,validation,training_tfexample.tfrecord-00009-of-01000,379,0,0,0,90,17.98828130903486,7.350636111386159,0,0.0,0.0,100.0,0,0.0,0.0,100.0,0,0.0,0.0,100.0,,,15,13.487413026304363,1,0,0,0,1,0,0
MAN_0167,training_tfexample.tfrecord-00009-of-01000#407,train,training_tfexample.tfrecord-00009-of-01000,407,26,30,4,64,7.597228677584911,28.32972130147303,1,19.049365727054518,-3.412337251959004,100.0,0,0.0,0.0,100.0,1,19.002693050217886,-3.420744202018777,100.0,-3.412337251959004,,6,28.948236854835116,0,0,0,0,0,0,0
MAN_0168,training_tfexample.tfrecord-00009-of-01000#436,train,training_tfexample.tfrecord-00009-of-01000,436,66,70,4,24,16.107354521474246,13.197988735253759,1,11.286743930538528,-4.140434950428531,100.0,0,0.0,0.0,100.0,1,11.285023429037995,-4.145949806439823,100.0,-4.140434950428531,,15,14.574355762082153,0,1,0,0,0,0,0
